url,title_real
https://www.cnbc.com/2024/08/22/this-little-known-chip-stock-benefits-from-ai-bank-of-america-says-.html,"Buy this little-known chip design stock benefiting from AI growth, Bank of America says"
https://www.cnbc.com/2023/03/31/cramers-top-things-in-stock-market-friday-stars-of-q1-alphabet-ai-risk.html,Jim Cramer's top 10 things to watch in the stock market Friday: Stars of first quarter and Alphabet's AI risk
https://www.cnbc.com/2024/05/06/renters-hopes-of-being-able-to-buy-a-home-have-fallen-to-a-record-low-new-york-fed-survey-shows.html,"Renters' hopes of being able to buy a home have fallen to a record low, New York Fed survey shows"
https://www.cnbc.com/2024/06/11/uk-unemployment-nears-three-year-high-as-election-approaches.html,"UK unemployment nears three-year high, wage growth firm as election looms"
https://www.cnbc.com/advertorial/2025/11/25/what-really-matters-in-family-succession-planning.html,What really matters in family succession planning
https://www.cnbc.com/2023/09/22/singapore-is-now-the-worlds-freest-economy-displacing-hong-kong.html,"Singapore is now the world's freest economy, displacing Hong Kong after 53 years"
https://www.cnbc.com/2025/01/09/ubisoft-appoints-advisors-to-explore-options-after-buyout-report.html,Ubisoft appoints advisors to explore strategic options after report on potential buyout
https://www.cnbc.com/2022/09/29/pension-fund-panic-led-to-bank-of-englands-emergency-intervention.html,Pension fund panic led to Bank of England's emergency intervention: Here's what you need to know
https://www.cnbc.com/2023/03/01/gold-rises-for-third-day-on-softer-dollar-rate-hike-fears-linger.html,Gold scales 1-week peak as dollar slides on robust China data
https://www.cnbc.com/2022/05/31/chinas-factory-activity-falls-at-slower-pace-as-covid-curbs-ease.html,China's factory activity falls at slower pace as Covid curbs ease
https://www.cnbc.com/2026/03/17/25-year-old-got-a-job-by-mailing-in-her-resume-and-a-cringy-note.html,"25-year-old got a job by mailing in her resume and a 'cringy' note: 'Everyone was impressed,' says the boss who hired her"
https://www.cnbc.com/2022/12/16/amazon-workers-will-go-on-formal-strike-for-the-first-time-in-the-uk.html,Amazon workers will go on formal strike for the first time in the UK
https://www.cnbc.com/2026/09/09/iceland-trump-map-us-flag-greenland-mexico.html,‘This is not a joke’: Iceland condemns Trump’s post showing island under American flag
https://www.cnbc.com/2026/08/14/jane-street-took-15-billion-hit-in-july-tied-to-situational-awareness-ai-selloff-sources-say-reuters.html,"Jane Street took $15 billion hit in July tied to Situational Awareness, AI selloff, sources say: Reuters"
https://www.cnbc.com/2023/06/01/these-jobs-stocks-are-underperforming-and-could-signal-a-slowdown-ahead.html,These jobs-related names are underperforming — and that could signal a slowdown ahead
https://www.cnbc.com/2025/12/18/buy-the-dip-on-core-scientific-as-2026-approaches-says-citizens.html,"Buy the dip on Core Scientific as 2026 approaches, says Citizens"
https://www.cnbc.com/2022/10/04/credit-suisse-is-under-pressure-but-short-sellers-appear-to-be-eyeing-another-global-bank.html,"Credit Suisse is under pressure, but short sellers appear to be eyeing another global bank"
https://www.cnbc.com/2022/09/16/5-things-to-know-before-the-stock-market-opens-friday.html,5 things to know before the stock market opens Friday
https://www.cnbc.com/2024/04/01/comeback-kids-these-stocks-underperformed-but-are-expected-to-rally.html,Comeback stories? These stocks have underperformed but are expected to do well
https://www.cnbc.com/2025/10/09/microsoft-engineer-resigns-over-cloud-business-from-israeli-military.html,Microsoft engineer resigns over cloud business from Israeli military
https://www.cnbc.com/2025/03/28/coreweave-starts-trading-on-nasdaq-at-per-share.html,Nvidia-backed CoreWeave closes flat at $40 after biggest U.S. tech IPO since 2021
https://www.cnbc.com/2022/02/10/nba-trade-deadline-nets-send-james-harden-to-sixers-for-ben-simmons.html,Brooklyn Nets will send James Harden to Philadelphia 76ers for deal centered around Ben Simmons
https://www.cnbc.com/2022/05/15/ex-goldman-ceo-blankfein-says-recession-possibility-is-very-high-risk-factor.html,Ex-Goldman CEO Blankfein says recession possibility is 'very high risk factor'
https://www.cnbc.com/2024/03/07/goldman-sees-this-stock-market-tailwind-growing-to-1-trillion-in-2025.html,The stock market tailwind Goldman sees growing to $1 trillion in 2025 and how to play it
https://www.cnbc.com/2023/04/23/jim-cramer-what-i-learned-from-the-first-real-week-of-earnings-season.html,Jim Cramer: This is what I learned from the real first week of earnings season
https://www.cnbc.com/2023/04/20/how-to-trick-yourself-into-saving-money.html,'Avoid the 1-click option 100% of the time': 5 ways to trick yourself into saving money
https://www.cnbc.com/2025/04/09/ubs-says-theres-still-a-chance-stocks-pull-out-a-gain-by-year-end.html,UBS says there's still a chance stocks pull out a gain by year-end
https://www.cnbc.com/2022/07/06/juul-fda-suspend-court-case-while-e-cigarette-ban-on-hold.html,"Juul, FDA suspend court case while e-cigarette ban on hold"
https://www.cnbc.com/2021/09/22/nft-startups-dapper-labs-and-sorare-raise-over-900-million.html,Sport-focused NFT start-ups raise over $900 million in crypto gold rush
https://www.cnbc.com/2022/11/01/uber-q3-2022-earnings.html,"Uber stock pops 11% on revenue beat, strong guidance"
https://www.cnbc.com/2023/04/25/joe-biden-2024-reelection-president-to-speak-on-economy.html,Biden vows to 'finish the job' on the economy in first speech since launching 2024 campaign
https://www.cnbc.com/2024/01/31/meta-x-tiktok-snap-and-discord-confront-congress-eager-for-tighter-social-media-regulation-.html,"Meta, X, TikTok, Snap and Discord face growing appetite in Congress for tighter social media regulation"
https://www.cnbc.com/2021/10/28/what-to-watch-today-wall-street-set-to-rebound-as-earnings-economic-data-take-center-stage.html,"What to watch today: Wall Street set to rebound as earnings, economic data take center stage"
https://www.cnbc.com/2026/05/16/tv-upfronts-creator-content-youtube-fox-wbd.html,Creator content made the main stage at TV's 'upfront' pitches — and not just for YouTube
https://www.cnbc.com/2025/10/30/roblox-stock-earnings-safety.html,Roblox stock slips 15% as company expects more spending on safety and infrastructure
https://www.cnbc.com/2021/09/11/how-jana-partners-could-shake-up-telecom-provider-vonage-in-a-bid-to-boost-value.html,How Jana Partners could shake up telecom provider Vonage in a bid to boost value
https://www.cnbc.com/2026/08/27/bitgo-to-acquire-nydigs-institutional-trading-business-as-crypto-trading-rebounds.html,BitGo to acquire NYDIG’s institutional trading business as crypto trading rebounds
https://www.cnbc.com/2025/02/15/washington-dc-unemployment-spikes-as-trump-and-musk-begin-efforts-to-shrink-the-government.html,"Unemployment spikes in Washington, D.C., as Trump and Musk begin efforts to shrink the government"
https://www.cnbc.com/2024/12/05/what-fed-chief-powell-said-about-crypto-that-may-have-aided-bitcoins-rally-to-100k.html,"What Fed chief Powell said about crypto that may have aided bitcoin's rally to $100,000"
https://www.cnbc.com/2024/09/21/what-warren-buffetts-recent-moves-say-and-dont-say-about-todays-market.html,What Warren Buffett's recent moves say – and don’t say – about today’s market
https://www.cnbc.com/2025/01/31/american-airlines-helicopter-crash.html,"Crash investigators looking at altitude, communication and staffing before helicopter collision with plane"
https://www.cnbc.com/2021/10/26/verizon-partnering-with-amazon-project-kuiper-satellite-internet.html,Verizon partners with Amazon to use tech giant's satellite internet system for rural broadband
https://www.cnbc.com/2024/10/03/djt-coo-quits-trump-media-spac-shares-court-fight.html,Trump Media COO quits; DJT turns over more shares to SPAC investor in court fight
https://www.cnbc.com/2024/10/10/wall-street-analysts-downgrade-honeywell-we-think-theyre-making-a-mistake-.html,Wall Street analysts downgrade Honeywell. We think they're making a mistake
https://www.cnbc.com/2022/11/30/economist-chinas-zero-covid-has-shaken-confidence-in-supply-chains.html,"China could reopen in March, but zero-Covid has shaken confidence in supply chains, economist says"
https://www.cnbc.com/2026/03/26/gulf-states-ready-for-self-defense-against-iran-as-war-stance-shifts.html,Gulf states say they're ready for 'self defense' as stance shifts on Iran war
https://www.cnbc.com/2026/06/12/social-security-cola-2027-inflation-estimate.html,"Social Security COLA for 2027 may jump to 4.7%, one estimate finds. This chart shows prices driving the increase"
https://www.cnbc.com/2022/03/23/cctv-script-22/03/22.html,CCTV Script 22/03/22
https://www.cnbc.com/2024/10/25/nvidia-apple-what-a-10k-investment-25-years-ago-would-be-worth-now.html,"If you invested $10,000 in Apple, Nvidia, or these 8 other stocks in 1999, you'd have over $1 million now"
https://www.cnbc.com/2025/09/18/our-3-best-and-worst-stocks-over-the-past-month-as-fed-rate-cut-speculation-swirled.html,Our 3 best and worst stocks over the past month as Fed rate cut speculation swirled
https://www.cnbc.com/2025/07/29/india-surpasses-chinese-smartphone-shipments-to-us.html,"India overtakes China in smartphone exports to the U.S. as manufacturing jumps 240%, report shows"
https://www.cnbc.com/2024/02/20/gold-at-3000-and-oil-at-100-by-2025-citi-analysts-dont-rule-it-out.html,"Gold at $3,000 and oil at $100 by 2025? Citi analysts don't rule it out"
https://www.cnbc.com/2025/04/28/sp-500-likely-to-face-stiff-resistance-ahead-especially-around-this-level.html,"S&P 500 likely to face stiff resistance ahead, especially around this level"
https://www.cnbc.com/2025/06/04/retail-crime-crackdown-hundreds-of-arrests.html,"Nationwide coordinated retail crime crackdown results in hundreds of arrests, authorities say"
https://www.cnbc.com/2024/09/04/jim-cramers-top-10-things-to-watch-in-the-stock-market-wednesday.html,Jim Cramer's top 10 things to watch in the stock market Wednesday
https://www.cnbc.com/2021/09/22/two-more-uk-energy-suppliers-stop-trading-on-gas-price-hit.html,Two more UK energy suppliers stop trading on gas price hit
https://www.cnbc.com/2023/06/29/yankees-pitcher-domingo-germn-throws-perfect-game-against-oakland-as.html,"Yankees pitcher Domingo Germán throws perfect game against Oakland A’s, the 24th in MLB history"
https://www.cnbc.com/2022/11/25/elon-musk-says-twitter-to-launch-verified-service-next-week.html,Musk says Twitter to launch 'Verified' service next week with a 'gold check' for companies
https://www.cnbc.com/2025/05/10/us-china-tariff-talks-to-continue-sunday-official-tells-the-ap.html,"U.S.-China tariff talks to continue Sunday, official tells the AP"
https://www.cnbc.com/2024/01/12/amazon-citigroup-google-layoffs-money-and-job-search-moves.html,"As Amazon, Citigroup and Google open 2024 with layoffs, experts say unemployed workers should take these steps"
https://www.cnbc.com/2022/01/07/hiring-falters-in-december-as-payrolls-rise-only-199000.html,"Hiring falters in December as payrolls rise only 199,000, though the unemployment rate fell to 3.9%"
https://www.cnbc.com/2021/10/07/jpmorgan-upgrades-schlumberger-says-rising-oil-prices-can-boost-stock-by-more-than-20percent.html,"JPMorgan upgrades Schlumberger, says rising oil prices can boost stock by more than 20%"
https://www.cnbc.com/2023/11/16/siemens-beats-earnings-forecasts-says-sales-growth-to-slow-in-2024.html,"Siemens beats earnings forecasts, says sales growth to slow in 2024"
https://www.cnbc.com/2023/04/27/intel-intc-earnings-report-q1-2023.html,Intel reports largest quarterly loss in company history
https://www.cnbc.com/2022/12/22/china-limits-how-it-defines-covid-deaths-in-official-count.html,China limits how it defines Covid deaths in official count
https://www.cnbc.com/2024/11/29/yen-surges-to-150-per-dollar-amid-growing-boj-rate-hike-bets.html,"Yen hits six-week high, dollar dips for month-end"
https://www.cnbc.com/2021/10/19/facebook-portal-go-review-a-great-portable-device-for-video-calling.html,Facebook Portal Go review: A great portable video calling screen marred by the company’s privacy and trust issues
https://www.cnbc.com/2023/12/24/with-the-supreme-court-on-the-sideline-for-now-trumps-lawyers-press-immunity-claims-before-lower-court-in-late-night-filing.html,"With the Supreme Court on the sideline for now, Trump's lawyers press immunity claims before lower court in late-night filing"
https://www.cnbc.com/2025/03/12/inside-the-worlds-largest-3d-printed-housing-development.html,Take a look inside the world's largest 3D printed housing development
https://www.cnbc.com/2026/02/19/blue-owl-private-debt-investor-loan-liquidity-restriction-market-shares.html,"Blue Owl curbs investor liquidity following asset sale, shares slide almost 6%"
https://www.cnbc.com/2026/06/08/cramer-maintains-his-outlook-on-apple-plus-a-new-position-rebounds.html,"Cramer maintains his outlook on Apple, plus our newest position gets a boost"
https://www.cnbc.com/2024/02/20/jim-cramer-buy-capital-one-stock-after-blockbuster-deal-for-discover.html,Jim Cramer says buy Capital One stock after blockbuster deal for Discover
https://www.cnbc.com/2024/03/26/behind-danahers-decline-high-hopes-for-apples-developers-event.html,"What's behind Danaher's decline, plus high hopes for Apple's developers event"
https://www.cnbc.com/2024/08/12/spacex-repeatedly-polluted-waters-in-texas-tceq-epa-found.html,"SpaceX repeatedly polluted waters in Texas this year, regulators found"
https://www.cnbc.com/2021/12/23/store-closures-slowed-in-2021-as-retailers-got-creative-seized-cheaper-rents.html,"Store closures slowed after a pandemic shakeout. Now Dollar General, Warby Parker and others see new value in stores"
https://www.cnbc.com/2022/09/23/from-the-fed-to-europes-currency-crisis-heres-whats-behind-this-selloff-in-financial-markets.html,"From the Fed to Europe's currency crisis, here's what's behind this selloff in financial markets"
https://www.cnbc.com/2025/04/07/trump-tariffs-defense-stocks-fall-as-global-market-sell-off-deepens.html,Defense stocks abruptly stem losses as Trump’s tariffs wreak havoc on global markets
https://www.cnbc.com/2023/06/02/amazon-considers-adding-prime-wireless-service-report.html,Telecom stocks fall on report Amazon considers launching mobile service for Prime members
https://www.cnbc.com/2022/10/25/coca-cola-ko-q3-2022-earnings.html,Coca-Cola raises full-year outlook as earnings beat expectations
https://www.cnbc.com/2022/10/25/home-prices-cooled-at-a-record-pace-in-august-sp-case-shiller-says.html,"Home prices cooled at a record pace in August, S&P Case-Shiller says"
https://www.cnbc.com/2024/01/24/chipotle-aims-to-hire-19000-workers-ahead-of-spring.html,"Chipotle wants to hire 19,000 workers for busy spring season, will offer new financial perks"
https://www.cnbc.com/2024/06/05/17-bln-uk-adtech-lawsuit-against-google-can-go-ahead-tribunal-rules.html,"$17 billion UK adtech lawsuit against Google can go ahead, tribunal rules"
https://www.cnbc.com/2023/02/28/heres-how-to-make-after-tax-401k-plan-contributions-for-2023.html,Here's how after-tax 401(k) contributions can help with those big retirement savings goals for 2023
https://www.cnbc.com/2022/05/25/new-zealand-raises-interest-rates-by-50-bps-signals-more-aggressive-hikes.html,"New Zealand raises interest rates by 50 bps, signals more aggressive hikes"
https://www.cnbc.com/2022/01/19/bac-earnings-4q-2021.html,Bank of America tops profit estimates on better-than-expected credit costs
https://www.cnbc.com/2026/02/23/old-economy-stocks-look-expensive-software-screams-cheap-how-to-proceed.html,'Old economy' stocks look expensive and software screams cheap. Is that enough to end the rotation?
https://www.cnbc.com/2023/09/25/bidens-visit-to-uaw-picket-line-not-influenced-by-trumps-white-house-says.html,"Biden's visit to UAW picket line not influenced by Trump's, White House says"
https://www.cnbc.com/2022/09/14/producer-price-index-august-2022.html,Wholesale prices fell 0.1% in August amid inflation fears
https://www.cnbc.com/2026/09/01/were-adding-2-stocks-to-our-bullpen-watchlist-because-they-meet-this-criteria.html,We're adding 2 stocks to our Bullpen watchlist because they meet these criteria
https://www.cnbc.com/2024/04/25/merck-mrk-earnings-q1-2024.html,"Merck beats earnings expectations, raises outlook on strong Keytruda and vaccine sales"
https://www.cnbc.com/2022/05/09/bulls-finding-its-tough-to-buy-the-dip-until-there-are-signs-inflation-is-getting-under-control.html,Bulls finding it's tough to buy the dip until there are signs inflation is getting under control
https://www.cnbc.com/2021/11/19/ford-and-rivian-cancel-plans-to-jointly-develop-an-electric-vehicle.html,Ford and Rivian cancel plans to jointly develop an electric vehicle
https://www.cnbc.com/2026/01/14/china-trade-data-surplus-exports-imports-december-tariffs-tensions.html,"China's annual trade surplus hits a record $1.2 trillion, even as exports to U.S. decline by 20%"
https://www.cnbc.com/2025/06/06/kelly-evans-musk-trump-and-the-bill.html,"Kelly Evans: Musk, Trump, and ""the Bill"""
https://www.cnbc.com/2025/10/30/michael-dell-jim-breyer-back-startup-harbor-health.html,"This doctor raised $130 million from Michael Dell, Jim Breyer and others to try to fix health care"
https://www.cnbc.com/2021/10/21/turkish-central-bank-shocks-again-by-slashing-rates-200-points-to-16percent.html,Turkish central bank shocks again by slashing rates 200 points to 16%
https://www.cnbc.com/2026/02/11/kraft-heinz-pauses-split-new-ceo-challenges.html,Kraft Heinz pauses work to split the company as new CEO says 'challenges are fixable'
https://www.cnbc.com/2022/11/01/the-incredibles-director-brad-bird-why-steve-jobs-hired-me-at-pixar.html,"At Pixar, Steve Jobs hired a director who'd 'just made a big flop'—the result was an Oscar-winning success"
https://www.cnbc.com/2023/06/29/here-are-affordable-ways-to-save-on-cooling-costs-this-summer.html,4 ways to save on cooling costs as a dangerous heat wave grips millions of Americans
https://www.cnbc.com/2026/02/18/cramer-looks-to-nibble-on-a-software-stock-bail-on-a-health-care-name-.html,Cramer is looking to nibble on a software stock and bail on a health-care name
https://www.cnbc.com/2022/05/22/former-miami-heat-all-star-dwyane-wade-shares-his-advice-on-managing-money.html,NBA champion Dwyane Wade shares his three best tips for managing money
https://www.cnbc.com/2022/05/31/salesforce-crm-earnings-q1-2023.html,"Salesforce stock jumps as it raises profit forecast, CFO says company will be more 'measured' in hiring"
https://www.cnbc.com/2024/08/22/dnc-day-4-live-kamala-harris-gretchen-whitmer-adam-kinzinger.html,"DNC Day 4 Live: Kamala Harris, Gretchen Whitmer and former GOP Rep. Adam Kinzinger"
https://www.cnbc.com/2022/04/26/rosenblatt-bets-on-seaworld-says-stock-can-rally-nearly-24percent.html,"Rosenblatt bets on SeaWorld, says stock can rally nearly 24%"
https://www.cnbc.com/2021/10/06/df-dent-co-fa-100.html,14. D.F. Dent & Co.
https://www.cnbc.com/2024/11/14/stocks-making-the-biggest-moves-premarket-dis-csco-asml-tpr-and-more.html,"Stocks making the biggest moves premarket: Disney, Cisco, ASML, Tapestry and more"
https://www.cnbc.com/2023/08/27/chinas-big-internet-names-mostly-beat-heres-what-analysts-expect.html,China's big internet names have mostly beat. Here's where analysts think the stocks are headed
https://www.cnbc.com/2022/04/12/this-wine-stock-is-best-positioned-for-inflation-credit-suisse-says.html,"This wine stock is best positioned for these inflationary times, Credit Suisse says"
https://www.cnbc.com/2023/08/07/barbenheimer-can-boost-cinemark-shares-more-than-35percent-from-here-morgan-stanley-says.html,"'Barbenheimer' can boost Cinemark shares more than 35% from here, Morgan Stanley says"
https://www.cnbc.com/2025/06/17/spotifys-daniel-ek-leads-investment-in-defense-startup-helsing.html,Spotify's Daniel Ek leads $694 million investment in defense startup Helsing
https://www.cnbc.com/2024/10/06/berkshire-owns-100percent-of-bhe-but-the-utilitys-a-weak-spot-for-the-conglomerate.html,"Berkshire Hathaway now owns 100% of BHE, but the utility giant has been a weak spot for the conglomerate"
https://www.cnbc.com/2022/05/16/gold-up-from-3-month-lows-as-us-bond-yields-weaken.html,Gold ticks up as dip in U.S. yields loosens dollar's grip
https://www.cnbc.com/2022/01/10/apple-implies-it-generated-record-revenue-from-app-store-during-2021-.html,Apple implies it generated record revenue from the App Store during 2021
https://www.cnbc.com/2023/02/09/spacex-test-fires-starship-booster.html,SpaceX successfully test fires Starship booster in last key step before orbital launch
https://www.cnbc.com/2023/10/27/an-iphone-moment-bernstein-names-stocks-to-play-battery-tech-trend.html,'An iPhone moment': Bernstein names global stocks to play the 'rapid growth' in battery tech
https://www.cnbc.com/2022/08/12/best-buy-cuts-hundreds-of-store-jobs-as-sales-soften-according-to-report.html,"Best Buy cuts jobs across the country, after warning of slower sales"
https://www.cnbc.com/2025/04/08/white-house-cant-ban-associated-press.html,"Judge says White House can't ban Associated Press from Oval Office, Air Force One"
https://www.cnbc.com/2022/02/10/how-to-trade-the-40-year-high-inflation-like-top-investors-using-etfs.html,How to trade the 40-year-high inflation like top investors using ETFs
https://www.cnbc.com/2022/11/23/nyc-robotic-parking-systems-luxury-residents.html,"The future of parking is in New York — and it costs at least $300,000 per space"
https://www.cnbc.com/2021/11/01/robert-durst-indicted-in-1982-murder-of-wife-kathie-durst.html,Robert Durst indicted in 1982 murder of wife Kathie Durst
https://www.cnbc.com/2024/11/20/crypto-market-today.html,"Bitcoin rises to fresh record above $94,000 as investors watch Trump transition, ETF options"
https://www.cnbc.com/2026/02/10/wednesdays-big-stock-stories-whats-likely-to-move-the-market.html,Wednesday's big stock stories: What’s likely to move the market in the next trading session
https://www.cnbc.com/2023/08/18/iphone-15-usb-c-charging-would-be-biggest-upgrade-in-years.html,The iPhone 15 could get one of the biggest upgrades in years: A new charging port
https://www.cnbc.com/2026/03/05/iran-us-war-invasion-abbas-araghchi.html,"Iran foreign minister: Not seeking ceasefire, warns U.S. invasion would be 'big disaster for them'"
https://www.cnbc.com/2025/06/20/gop-big-beautiful-bill-would-end-many-clean-energy-tax-credits.html,"House, Senate tax bills both end many clean energy credits: 'It's just a question of timeline,' expert says"
https://www.cnbc.com/2026/04/02/oil-demand-destruction-trump-energy-price-gasoline-ration-iran.html,Trump’s Iran timeline may not be short enough to avoid oil demand destruction
https://www.cnbc.com/2024/10/10/mark-cuban-the-no-1-soft-skill-that-my-best-employees-share.html,"Mark Cuban says his best employees share this soft skill: 'You need to reduce stress, not create it'"
https://www.cnbc.com/2026/06/25/bitcoin-etfs-see-record-investor-flight-as-the-cryptocurrency-hits-new-2024-lows.html,Bitcoin ETFs see record investor flight as the cryptocurrency hits lowest levels since 2024
https://www.cnbc.com/2023/07/10/5-things-to-know-before-the-stock-market-opens-monday.html,5 things to know before the stock market opens Monday
https://www.cnbc.com/2023/06/30/energy-transition-is-lagging-oil-demand-will-stay-industry-players.html,"Oil and gas will continue to power the world for decades to come, big oil firms say"
https://www.cnbc.com/2025/02/05/bill-gates-rampant-curiosity-sets-me-apart-helped-me-succeed.html,Bill Gates: This 1 trait sets me apart from most people—it was crucial to my success
https://www.cnbc.com/2022/04/06/elon-musks-twitter-investment-sparks-a-rush-of-retail-investors-into-the-stock.html,Elon Musk's Twitter investment sparks a rush of retail investors into the stock
https://www.cnbc.com/2025/03/14/block-bets-on-lending-expansion-after-stock-slump.html,Block bets on lending expansion after stock slump
https://www.cnbc.com/2025/08/07/this-marketing-platform-stock-has-more-room-to-run-after-strong-earnings-says-citigroup-.html,"This marketing platform stock has more room to run after strong earnings, says Citigroup"
https://www.cnbc.com/2023/11/20/tiger-woods-tgl-golf-league-delayed-until-2025-after-dome-collapse.html,Tiger Woods' new golf league delays start of season by a year after venue collapse
https://www.cnbc.com/2025/11/10/global-stocks-rally-on-hopes-the-us-shutdown-is-nearing-an-end.html,Investors eye market ‘clarity’ as stocks rally on shutdown agreement
https://www.cnbc.com/2025/04/01/how-to-successfully-change-careers-and-be-happier-at-work-.html,Secrets to making a powerful career change—and landing a job you love
https://www.cnbc.com/2023/04/27/sec-chairman-gary-gensler-says-the-law-is-clear-for-crypto-exchanges.html,SEC's Gensler says 'the law is clear' for crypto exchanges and that they must comply with regulators
https://www.cnbc.com/2024/04/22/earth-day-practical-changes-you-can-make-to-help-the-planet.html,"Practical changes you can make to help the planet, says geologist: 'Start with the thing that makes you the maddest'"
https://www.cnbc.com/2025/08/27/americans-less-confident-about-financial-futures.html,Americans are less confident about their financial futures—except for one group
https://www.cnbc.com/2023/08/14/accept-the-fact-that-stocks-go-down-jim-cramer-says-of-nvidia.html,"'Accept the fact that stocks go down,' Jim Cramer says of Nvidia's recent pullback"
https://www.cnbc.com/advertorial/2024/10/23/redefining-innovation-in-development-with-generative-ai.html,Redefining innovation in development with generative AI
https://www.cnbc.com/2022/02/22/trump-backed-truth-social-tops-apples-app-store-charts.html,Trump-backed Truth Social tops Apple's app store charts
https://www.cnbc.com/2025/05/24/defense-secretary-hegseth-bedeviled-by-leaks-orders-more-restrictions-on-press-at-pentagon.html,"Defense Secretary Hegseth, bedeviled by leaks, orders more restrictions on press at Pentagon"
https://www.cnbc.com/2025/02/03/best-companies-for-workers-in-dei-crisis-moment-for-corporate-america.html,These may be the best companies to work for in a DEI crisis moment for America
https://www.cnbc.com/2026/07/02/us-closes-2022-probe-into-695000-tesla-vehicles-over-unexpected-braking.html,"U.S. closes 2022 probe into 695,000 Tesla vehicles over unexpected braking"
https://www.cnbc.com/2024/09/26/analyst-calls-all-the-market-moving-wall-street-chatter-from-thursday.html,"Thursday's analyst calls: Starbucks upgraded to buy, Meta Platforms gets a price target hike"
https://www.cnbc.com/2023/07/04/green-hydrogen-is-getting-lots-of-buzz-but-costs-are-a-sticking-point.html,There's a lot of talk about hydrogen's potential. But transportation costs represent a big challenge
https://www.cnbc.com/2023/12/31/psychologist-says-this-is-the-no-1-thing-that-motivates-change.html,"The No. 1 thing that motivates change is having a 'menu of options,' psychologist says"
https://www.cnbc.com/2025/07/17/trading-in-japans-seven-i-halted-after-couche-tard-withdraws-47-billion-bid-to-acquire-the-retailer.html,Shares in Japan's Seven & i plunge 7% after Couche-Tard withdraws $47 billion takeover bid
https://www.cnbc.com/2026/04/16/pepsico-pep-q1-2026-earnings.html,"PepsiCo earnings beat estimates as Doritos, Lay's price cuts win back shoppers"
https://www.cnbc.com/2025/02/11/intel-rises-after-vp-vance-promises-to-safeguard-american-ai-and-chips.html,Intel shares rise after VP Vance promises to safeguard American AI and chips
https://www.cnbc.com/2024/07/27/park-fire-california-butte-plumas-tehama-shasta.html,Cooler temperatures aid firefighters after California's largest wildfire explodes
https://www.cnbc.com/2023/05/09/goldman-sachs-to-pay-215-million-to-end-gender-bias-lawsuit.html,Goldman Sachs to pay $215 million to end gender bias lawsuit
https://www.cnbc.com/2026/08/24/gold-reaches-3-month-high-ahead-of-us-inflation-data-fed-speech.html,"Gold rally gains momentum ahead of U.S. inflation, Jackson Hole event"
https://www.cnbc.com/2025/07/11/gold-rises-on-trumps-latest-tariffs-firmer-dollar-caps-gains.html,Gold climbs on safe-haven bids as Trump imposes fresh tariffs
https://www.cnbc.com/2025/12/08/paramount-skydance-hostile-bid-wbd-netflix.html,"Paramount Skydance launches hostile bid for WBD 'to finish what we started,' CEO Ellison tells CNBC"
https://www.cnbc.com/2022/04/01/russia-ukraine-war-white-house-is-worried-about-famine-overseas.html,"White House is worried about famine overseas due to Russia-Ukraine war, economic advisor says"
https://www.cnbc.com/2024/12/09/treasury-department-fincen-boi-report-business-fines.html,"Treasury Department may fine small businesses $10,000 or more if they don't file this new report"
https://www.cnbc.com/2025/09/17/jim-cramers-top-10-things-to-watch-in-the-stock-market-wednesday.html,Jim Cramer's top 10 things to watch in the stock market Wednesday
https://www.cnbc.com/2022/10/21/cardiologist-shares-foods-that-are-not-actually-that-healthy-for-your-heart-what-to-look-for-instead.html,A cardiologist shares the 5 foods she avoids for a 'healthy heart'—and what she eats instead
https://www.cnbc.com/2026/09/08/xiaomi-huawei-apple-foldable-iphone.html,"Chinese giants Xiaomi, Huawei race to get ahead of Apple’s rumored foldable iPhone"
https://www.cnbc.com/2023/11/07/lockheed-martin-ceo-says-america-needs-to-invest-in-digital-defense.html,Lockheed Martin CEO says America needs to invest in digital defense systems to prepare for the future
https://www.cnbc.com/squawk-coin/,Squawk Coin
https://www.cnbc.com/2021/11/02/mondelez-to-raise-prices-by-7percent-in-2022.html,"Oreo cookies, Ritz crackers and Sour Patch Kids will cost more next year, Mondelez CEO says"
https://www.cnbc.com/2023/10/31/vans-and-north-face-owner-gets-slammed-but-jim-cramer-likes-new-ceos-turnaround-plan.html,Vans and North Face owner gets slammed. But Jim Cramer likes new CEO's turnaround plan
https://www.cnbc.com/2025/08/28/oil-slips-as-market-weighs-end-of-us-summer-driving-and-india-supply-dilemma.html,Oil slips as market weighs end of U.S. summer driving and India supply dilemma
https://www.cnbc.com/2022/10/10/inflation-is-causing-more-americans-to-fall-behind-on-monthly-bills.html,"'Life is getting more expensive by the day.' Amid inflation, 32% of Americans are struggling to pay their bills"
https://www.cnbc.com/markets/commodity-etfs/,Commodity ETFs
https://www.cnbc.com/2026/04/10/treasury-yields-flat-as-traders-brace-for-march-cpi-print.html,Treasury yields rise slightly after March core inflation was less than expected
https://www.cnbc.com/2025/04/17/how-young-business-owners-are-bracing-for-a-potential-downturn-in-consumer-spending.html,"From weddings to travel, these young business owners rely on consumers feeling flush—now they're bracing for a potential downturn"
https://www.cnbc.com/2022/01/19/russia-needs-to-stop-clinging-to-idea-of-reviving-soviet-union-ukraine.html,"Russia needs to stop clinging to the idea of reviving the Soviet Union, Ukraine ambassador says"
https://www.cnbc.com/2024/06/30/us-and-europe-warn-lebanons-hezbollah-to-ease-strikes-on-israel.html,U.S. and Europe warn Lebanon’s Hezbollah to ease strikes on Israel and back off from wider Mideast war
https://www.cnbc.com/2026/05/21/nvidia-jensen-huang-china-ai-chip-market-huawei.html,Nvidia says it has ‘largely conceded’ China’s AI chip market to Huawei
https://www.cnbc.com/2021/10/27/5-things-to-know-before-the-stock-market-opens-wednesday-oct-27.html,5 things to know before the stock market opens Wednesday
https://www.cnbc.com/2022/10/28/house-speaker-pelosi-husband-assaulted-at-home-assailant-arrested.html,"Intruder at Pelosi home shouted 'where is Nancy?' before assaulting husband with hammer, source says"
https://www.cnbc.com/2023/10/25/jetblue-to-offer-dublin-edinburgh-flights-starting-next-year.html,"JetBlue to offer flights to Dublin, Edinburgh starting next year, expanding trans-Atlantic routes"
https://www.cnbc.com/2023/10/02/cruz-foam-making-packaging-out-of-shrimp-shells.html,How your shrimp cocktail can reduce the plastic waste tied to global warming
https://www.cnbc.com/2022/04/19/us-bonds-treasury-yields-dip-with-focus-on-economic-data.html,"10-year Treasury yield touches 2.94%, a level not seen since late 2018"
https://www.cnbc.com/2024/07/08/airline-travel-demand-profits.html,Air travel demand is breaking records. Airline profits are not
https://www.cnbc.com/2025/08/08/tell-cnbc-how-well-are-you-living-in-retirement.html,Tell us your story: How well are you living in retirement?
https://www.cnbc.com/2025/11/14/stocks-making-big-premarket-moves-wbd-cdtx-avdl-and-more.html,"Stocks making the biggest premarket moves: Warner Bros. Discovery, Cidara Therapeutics, Avadel Pharmaceuticals and more"
https://www.cnbc.com/advertorial/2023/09/29/cfos-see-new-opportunities-with-ai-and-ml-.html,CFOs see new opportunities with AI and ML
https://www.cnbc.com/2023/11/20/biden-turns-81-as-worries-about-his-age-weigh-on-re-election-prospects.html,Biden turns 81 as worries about his age weigh on re-election prospects
https://www.cnbc.com/2026/06/23/trump-account-signups-hit-6-million-millions-more-children-eligible.html,"Trump Account signups now total more than 6 million, but millions more children are eligible"
https://www.cnbc.com/2026/01/06/bitcoin-could-soon-break-out-trading-the-move-with-options-on-this-proxy-stock.html,Bitcoin could soon break out. This options trade could lead to big returns if it does
https://www.cnbc.com/2025/05/21/cnbc-daily-open-artificial-intelligence-isnt-out-of-the-picture-.html,CNBC Daily Open: Tariff tumult rocking markets doesn't mean artificial intelligence is out of the picture
https://www.cnbc.com/2023/01/25/jim-cramer-reminds-investors-to-maintain-a-diversified-portfolio.html,Jim Cramer reminds investors to maintain a diversified portfolio
https://www.cnbc.com/2024/10/21/free-popular-online-courses-to-improve-your-happiness.html,Take these 5 free popular online courses to improve your happiness and well-being
https://www.cnbc.com/2025/06/05/kimberly-clark-to-sell-international-tissue-business.html,Kimberly-Clark sells majority stake in international tissue unit to Brazil's Suzano
https://www.cnbc.com/2025/08/10/gen-ai-comes-online-checkout-seismic-shift-internet-shopping.html,Gen AI is coming for online checkout in seismic shift for internet shopping
https://www.cnbc.com/2025/09/11/ge-vernovas-wind-business-faces-a-rocky-future-and-southwest-gives-boeing-shares-a-lift.html,"GE Vernova's wind business faces a rocky future, and Southwest gives Boeing shares a lift"
https://www.cnbc.com/2023/05/31/gold-set-for-monthly-drop-as-us-debt-agreement-saps-appeal.html,"Gold firms; set for monthly loss on dollar strength, Fed's rate hike bets"
https://www.cnbc.com/2024/06/18/french-stocks-face-worse-to-come-from-political-risk-goldman-says.html,"French stocks face worse to come from political risk, Goldman strategists say"
https://www.cnbc.com/2022/09/14/apple-iphone-14-review-get-the-pro-model.html,Apple iPhone 14 review: Get the Pro model if you're upgrading this year
https://www.cnbc.com/2025/11/10/ai-trade-faces-key-test-before-nvidia-earnings-amds-analyst-day.html,AI trade faces key test before Nvidia earnings: AMD's analyst day
https://www.cnbc.com/2021/10/11/what-to-watch-wall-street-set-to-start-lower-as-oil-hits-7-year-highs.html,What to watch today: Wall Street set to start week lower as oil hits 7-year highs
https://www.cnbc.com/2026/08/02/bernie-moreno-max-miller-house-psychological-help-emily-moreno.html,"GOP Sen. Moreno says ex-son-in-law Max Miller shouldn't serve in House, needs 'serious psychological help'"
https://www.cnbc.com/2022/11/10/where-can-disabled-people-easily-travel-survey-names-the-top-cities.html,People with disabilities rate the top 10 cities that are easiest for them to travel around
https://www.cnbc.com/2022/07/31/absolut-ceo-ann-mukherjee-finding-strength-success-after-trauma.html,"Alcohol almost ruined her life. Now, she's the CEO of Absolut, Jameson and Malibu: 'I walked into the fire'"
https://www.cnbc.com/2022/01/10/us-russia-talks-in-geneva-hopes-for-resolution-to-ukraine-tension-low.html,'Zero trust' and mutual dislike: Why hopes to resolve U.S.-Russia tensions are low as talks kick off
https://www.cnbc.com/2024/05/24/after-a-better-than-expected-quarter-cramers-optimistic-on-macys.html,"After a better-than-expected quarter, Cramer is optimistic on Macy's turnaround"
https://www.cnbc.com/2022/09/10/eu-must-respond-as-one-to-putins-blackmail-greece-leader-says.html,"EU must respond as one to Putin's 'blackmail,' Greece leader says"
https://www.cnbc.com/2025/01/06/cnbc-daily-open-a-missing-santa-rally-isnt-necessarily-bad-news.html,CNBC Daily Open: A missing Santa Rally isn’t necessarily bad news
https://www.cnbc.com/2023/04/04/asia-markets-expected-q2.html,"After a 'rollercoaster' quarter, strategists are still relatively upbeat about Asia-Pacific markets"
https://www.cnbc.com/2024/06/13/risky-bet-in-global-hydrogen-fuel-cell-maker-afc-energy-could-net-investors-160percent-says-rbc.html,"Risky bet in this global hydrogen fuel cell maker could net investors 160%, says RBC"
https://www.cnbc.com/2023/09/19/zelenskyy-russia-is-weaponizing-food-energy-and-abducted-children-in-its-war-against-ukraine.html,"Zelenskyy: Russia is weaponizing food, energy and abducted children in its war against Ukraine"
https://www.cnbc.com/2022/03/26/stem-cells-may-finally-offer-a-cure-for-type-1-diabetes.html,Stem cells may finally offer a cure for Type 1 diabetes
https://www.cnbc.com/2022/10/11/stellantis-looks-to-australian-materials-for-its-evs.html,"Auto giant Stellantis looks to Australian materials, including nickel, for its EVs"
https://www.cnbc.com/2025/03/05/nhl-commissioner-gary-bettman-us-canada-tariffs.html,NHL commissioner says league could be affected by U.S.-Canada tariffs
https://www.cnbc.com/2025/04/10/ray-dalio-trump-must-negotiate-trade-with-china.html,Ray Dalio says Trump should negotiate a 'win-win' trade deal with China
https://www.cnbc.com/2026/06/18/supreme-court-gun-ownership-drug-users-second-amendment-hunter-biden.html,Supreme Court sides with marijuana user stripped of gun rights
https://www.cnbc.com/2025/09/28/5-takeaways-from-cnbcs-investigation-into-nudify-apps-and-sites.html,5 takeaways from CNBC’s investigation into 'nudify' apps and sites
https://www.cnbc.com/2024/09/20/panthers-raiders-game-nfl-first-with-two-women-presidents.html,Panthers-Raiders game marks a first for the NFL with two women presidents at the helm
https://www.cnbc.com/2021/12/14/blinkens-trip-aims-to-boost-us-ties-with-southeast-asia-.html,"Blinken's trip aims to boost U.S. ties with Southeast Asia amid rising tensions with China, says expert"
https://www.cnbc.com/2024/06/27/were-throwing-in-the-towel-on-a-retail-stock-taking-too-long-to-turn-around.html,We're throwing in the towel on a retail stock taking too long to turn around
https://www.cnbc.com/2021/12/20/crypto-news-7-billion-dollars-stolen-in-crypto-scams-in-2021-radioshack-defi.html,Over $7.7 billion stolen in crypto scams in 2021 and 4 other updates you should know
https://www.cnbc.com/2026/08/10/jpmorgan-is-the-latest-to-raise-its-sp-500-target-this-time-to-8000-heres-why.html,"JPMorgan is the latest to raise its S&P 500 target, this time to 8,000. Here's why"
https://www.cnbc.com/2024/07/22/dominos-pizza-ceo-talks-weakness-in-international-franchisee.html,Domino's Pizza CEO talks weakness in its international business
https://www.cnbc.com/2022/09/23/stock-market-ipos-went-from-boom-to-bust-in-2022.html,The IPO market went from 'boom to bust' in 2022. Here's what's driving the massive slowdown
https://www.cnbc.com/2026/08/21/stocks-making-the-biggest-moves-midday-mrna-hood-bj-coin.html,"Stocks making the biggest moves midday: Moderna, Robinhood, BJ's Wholesale, Coinbase & more"
https://www.cnbc.com/2022/01/07/cramers-week-ahead-odd-time-for-markets-but-earnings-matter-again.html,Jim Cramer's week ahead: It's an 'odd time' for markets but earnings matter again
https://www.cnbc.com/2022/10/05/uk-selects-site-for-prototype-fusion-energy-plant.html,"UK selects site for prototype fusion energy plant, says it will replace coal-fired facility"
https://www.cnbc.com/2026/02/12/cnbc-daily-open-republicans-vote-to-end-trumps-canada-tariffs-in-rare-rebuke.html,CNBC Daily Open: Republicans vote to end Trump's Canada tariffs in rare rebuke
https://www.cnbc.com/2022/07/03/german-road-traffic-agency-says-59000-tesla-vehicles-have-software-glitch.html,"German road traffic agency says 59,000 Tesla vehicles have software glitch"
https://www.cnbc.com/2024/09/25/reshoring-bets-likely-to-succeed-no-matter-who-is-elected-president.html,"In this close election, these reshoring bets are likely to succeed no matter who becomes president"
https://www.cnbc.com/2024/08/19/harris-mega-donors-dnc-election-vip-events.html,"Top Harris campaign donors have dozens of private, VIP events this week. Here's the schedule"
https://www.cnbc.com/2023/06/15/gop-lawmakers-urge-doj-to-probe-chinese-ip-theft-from-us-small-businesses.html,GOP lawmakers urge DOJ to probe Chinese IP theft from U.S. small businesses
https://www.cnbc.com/2023/06/13/samsung-among-companies-starting-to-draft-chatgpt-policies-.html,Samsung among companies starting to draft ChatGPT policies for workers
https://www.cnbc.com/2023/10/13/saudi-minister-defends-chinas-bri-lending-to-developing-nations.html,'Time to set the record straight': Saudi minister defends China's lending to developing nations
https://www.cnbc.com/2023/05/25/nvidia-iphone-moment-in-ai-signals-tons-of-future-growth-new-price-target.html,Nvidia's 'iPhone moment' in AI signals tons of future growth. Here's our new price target
https://www.cnbc.com/2022/06/30/micron-warns-weakening-consumer-demand-will-hurt-smartphone-sales-.html,Micron warns weakening consumer demand will hurt smartphone sales
https://www.cnbc.com/2022/03/24/philippine-presidential-election-dutertes-china-pivot-could-change.html,The Philippines' pivot toward China could change when Duterte steps down as president
https://www.cnbc.com/2026/04/02/indian-ai-stocks-to-watch-macquarie.html,Macquarie: India could emerge as an ‘AI powerhouse' and names top stocks to watch
https://www.cnbc.com/2023/04/20/majority-of-gen-z-millennials-are-willing-to-post-how-much-they-make-online.html,34% of workers say they'd post how much money they make online—Gen Z and millennials are even more eager
https://www.cnbc.com/2023/12/06/blackpink-renews-contracts-with-yg-k-pop-agency-shares-spike-29percent.html,"Blackpink renews group contracts with agency, YG shares spike 29%"
https://www.cnbc.com/2023/04/19/tesla-tsla-earnings-q1-2023.html,Tesla net income drops more than 20% from last year
https://www.cnbc.com/2023/01/25/feds-brainard-among-leading-contenders-for-white-house-economic-post.html,Fed's Lael Brainard among leading contenders for top White House economic post
https://www.cnbc.com/2022/10/18/dont-rent-stocks-in-this-treacherous-market-jim-cramer-warns.html,"Don’t ‘rent’ stocks in this treacherous market, Jim Cramer warns"
https://www.cnbc.com/2025/09/09/jim-cramer-said-this-stock-has-the-most-upside-in-our-portfolio-.html,Jim Cramer says this stock has the 'most upside' in our portfolio ahead of rate cuts
https://www.cnbc.com/2024/01/29/this-genome-editing-stock-could-surge-more-than-60percent-jpmorgan-says.html,"This little-known genome editing stock is poised to surge more than 60%, JPMorgan says"
https://www.cnbc.com/2024/03/12/airbnb-bans-use-of-all-indoor-security-cameras-to-prioritize-privacy.html,Airbnb bans use of all indoor security cameras to 'prioritize the privacy' of guests
https://www.cnbc.com/2025/04/14/new-york-helicopter-company-shutting-down-following-crash-that-killed-6.html,New York helicopter company shutting down following crash that killed 6
https://www.cnbc.com/2024/02/20/middle-east-escalation-likely-as-houthis-launch-most-damaging-attack-yet.html,Middle East escalation fears spike as Houthis launch most damaging attack yet
https://www.cnbc.com/2022/11/25/how-to-network-over-the-holidays.html,The holidays are a ‘natural opening for reconnecting': Here's how to use them to network
https://www.cnbc.com/2021/11/01/cop26-boris-johnson-says-one-minute-to-midnight-amid-climate-crisis.html,Boris Johnson warns it's 'one minute to midnight' to prevent climate catastrophe
https://www.cnbc.com/2026/07/07/world-cup-in-photos-balogun-and-us-belgium-match-ronaldo-bows-out.html,"World Cup in photos: Belgium beats U.S. 4-1 after Balogun controversy, Ronaldo exits"
https://www.cnbc.com/2024/09/30/morningstars-top-strategist-reveals-tech-stocks-he-likes-or-is-avoiding.html,Morningstar strategist turns bearish on Big Tech — but reveals a few stocks he still likes
https://www.cnbc.com/2023/05/08/were-adding-to-our-position-in-this-manufacturing-giant.html,We're adding to our position in this manufacturing giant on a post-earnings pullback
https://www.cnbc.com/2025/08/20/the-no-1-thing-this-therapist-prioritizes-on-every-lunch-break.html,The one thing this therapist prioritizes on every lunch break: 'Even if it's just for 2 minutes'
https://www.cnbc.com/2021/10/19/federal-reserve-powells-5-key-inflation-criteria-arent-holding-up-well.html,Federal Reserve Chair Powell’s five measuring sticks on inflation aren’t holding up very well
https://www.cnbc.com/2023/07/26/moodys-sees-significant-risk-besieging-israels-economy.html,Moody's sees 'significant risk' besieging Israel's economy
https://www.cnbc.com/2023/04/17/the-rally-in-big-stock-indexes-hasnt-spread-to-the-broader-market-yet.html,The rally in big stock indexes hasn't spread to the broader market yet
https://www.cnbc.com/2022/06/15/buy-shares-of-liberty-media-formula-one-as-the-sports-popularity-grows-morgan-stanley-says.html,"Buy shares of Liberty Media Formula One as the sport's popularity grows, Morgan Stanley says"
https://www.cnbc.com/2022/09/07/west-coast-port-congestion-leads-railroads-on-a-new-cross-country-trip.html,"West Coast port congestion leads Norfolk Southern, Union Pacific to test new ideas in cross-country rail shipping"
https://www.cnbc.com/2023/04/27/meta-facebook-stock-outlook-analyst-guidance-wall-street-earnings-report-revenue.html,Analysts see even more gains ahead for Meta Platforms after latest earnings report
https://www.cnbc.com/2022/06/08/new-yorks-financial-watchdog-issues-stablecoin-guidance-calls-for-reserve-requirements.html,"New York’s financial watchdog issues stablecoin guidance, calls for reserve requirements and audits"
https://www.cnbc.com/2024/11/27/rob-gronkowski-first-stock-purchase-turned-into-600000-windfall.html,"NFL star Rob Gronkowski wanted to 'go big' with his first investment at age 25: Now his Apple stock is worth more than $600,000"
https://www.cnbc.com/2023/08/10/retailers-may-be-using-organized-theft-to-cover-up-internal-flaws.html,"Retailers say organized theft is biting into profits, but internal issues may really be to blame"
https://www.cnbc.com/2023/07/31/new-trump-co-defendant-lacks-florida-lawyer-before-court-hearing.html,New Trump co-defendant's plea delayed while he seeks Florida lawyer
https://www.cnbc.com/2023/12/08/new-york-democrats-pick-tom-suozzi-as-their-candidate-for-santos-seat.html,New York Democrats pick Tom Suozzi as their candidate for George Santos' seat
https://www.cnbc.com/2025/01/15/heres-what-wall-street-is-saying-after-the-latest-consumer-inflation-report.html,Here’s what Wall Street is saying after the latest consumer inflation report
https://www.cnbc.com/advertorial/2022/12/12/ey-ma-outlook-for-2023-despite-headwinds-divestitures-and-strategic-acquisitions-may-drive-the-market-.html,"EY M&A outlook for 2023: Despite headwinds, divestitures and strategic acquisitions may drive the market"
https://www.cnbc.com/2025/11/15/angela-duckworth-great-parenting-often-comes-from-this-simple-habit.html,"'Great parenting' often comes down to this simple habit, says Ivy League psychologist: It helps you raise determined, resilient kids"
https://www.cnbc.com/2022/03/09/brief-drop-in-mortgage-rates-sparks-mini-refinance-boom.html,Brief drop in mortgage rates sparks mini refinance boom
https://www.cnbc.com/2022/10/07/mega-millions-jackpot-is-410-million-3-key-things-to-do-if-you-win.html,Mega Millions jackpot is $410 million. Here are 3 key things to do if you win
https://www.cnbc.com/2023/05/16/new-york-ag-letitia-james-leads-state-effort-defending-cfpb.html,New York Attorney General Letitia James leads multistate effort defending CFPB to the Supreme Court
https://www.cnbc.com/2025/03/07/cramers-week-ahead-new-inflation-data-earnings-from-oracle-and-adobe.html,"Cramer's week ahead: New inflation data, earnings from Oracle and Adobe"
https://www.cnbc.com/2023/10/04/ubs-says-this-construction-stock-is-a-buy-can-rally-more-than-30percent.html,"UBS says this construction stock is a buy, can rally more than 30%"
https://www.cnbc.com/2024/04/22/why-apple-is-betting-big-on-india.html,Why Apple is betting big on India
https://www.cnbc.com/2021/12/01/34-year-old-boosted-salary-by-194000-after-quitting-jobs-6-tips-shares-negotiation-tips-and-exact-scripts.html,"This 34-year-old increased her salary by $194,000—after quitting jobs 6 times. 'Here are the exact scripts I used'"
https://www.cnbc.com/2022/11/01/nyc-job-seekers-react-to-law-requiring-salary-ranges-on-job-postings.html,"'The more transparency, the better': How NYC job seekers say visible pay ranges will help them"
https://www.cnbc.com/2024/05/16/how-much-money-the-us-spends-on-war.html,How much money the U.S. spends on war
https://www.cnbc.com/2023/03/18/bitcoin-is-up-60percent-so-far-this-year-as-investors-rediscover-appeal-as-alternative-banking-system-.html,Bitcoin is up 60% so far this year as investors rediscover appeal as alternative banking system
https://www.cnbc.com/2021/09/03/august-jobs-report-goldmans-jan-hatzius-sees-bright-spots-the-report.html,Goldman Sachs chief economist points to bright spots in weaker-than-expected jobs report
https://www.cnbc.com/2023/09/19/sbfs-parents-sued-by-ftx-for-millions-of-dollars-in-misappropriated-funds.html,"FTX sues Sam Bankman-Fried's parents, aims to claw back some of the $26 million in gifts and property"
https://www.cnbc.com/2024/02/27/cnbc-daily-open-us-economy-sparks-optimism-.html,CNBC Daily Open: U.S. economy sparks optimism
https://www.cnbc.com/2022/10/06/york-space-wins-200-million-pentagon-contract-for-t1des-satellites.html,Pentagon awards $200 million spacecraft contract to private venture York
https://www.cnbc.com/2025/08/01/kelly-evans-everything-looks-different-now.html,Kelly Evans: Everything looks different now
https://www.cnbc.com/2022/06/11/china-is-becoming-more-coercive-and-aggressive-us-defense-chief.html,"China is becoming more 'coercive and aggressive,' U.S. defense chief says"
https://www.cnbc.com/2022/06/27/dollar-dips-as-markets-reassess-rate-bets.html,"Dollar retreats as markets rethink Fed rate bets, eye ECB hikes"
https://www.cnbc.com/2026/04/02/dollar-gains-as-trump-sets-no-clear-iran-ceasefire-timeline-in-speech.html,Dollar rises against peers on renewed concerns about Middle East conflict
https://www.cnbc.com/2025/07/08/were-trimming-our-position-in-a-middling-stock-to-avoid-a-cardinal-sin-of-investing.html,We're trimming our position in a middling stock to avoid a cardinal sin of investing
https://www.cnbc.com/2024/10/09/jim-cramer-criticizes-dojs-stance-on-google-and-possible-breakup.html,Jim Cramer criticizes DOJ's stance on Google and possible breakup
https://www.cnbc.com/2024/04/19/trump-trial-man-sets-himself-on-fire-at-new-york-courthouse.html,Man sets himself on fire outside Trump trial courthouse in New York
https://www.cnbc.com/2021/11/24/federal-reserve-releases-minutes-from-its-november-meeting.html,"Fed members ready to raise interest rates if inflation continues to run high, meeting minutes show"
https://www.cnbc.com/2023/08/01/us-treasurys-investors-look-to-key-economic-data-ahead.html,Treasury yields rise as investors assess inflation outlook
https://www.cnbc.com/2024/11/19/trump-senate-gop-biden-judicial-nominees.html,Trump urges Senate GOP to block Biden's last judicial nominees
https://www.cnbc.com/2025/07/18/eu-lowers-price-cap-for-russian-crude-under-new-sanctions-package.html,EU lowers price cap for Russian crude under new sanctions package
https://www.cnbc.com/2022/12/28/fintech-startups-2022-2023-a-reckoning-is-upon-us-heres-what-to-expect.html,The fintech reckoning is upon us. Here’s what to expect next year
https://www.cnbc.com/2023/04/12/warren-buffett-says-were-not-through-with-bank-failures.html,Warren Buffett says we're not through with bank failures
https://www.cnbc.com/2023/02/18/what-a-deeper-than-expected-recession-means-for-your-money.html,"A recession could be 'deeper than expected' this year, says analyst—here's what it means for your money"
https://www.cnbc.com/2024/06/02/zelenskyy-accuses-china-of-helping-russia-to-disrupt-peace-summit.html,Ukraine's Zelenskyy accuses China of helping Russia to disrupt upcoming peace summit
https://www.cnbc.com/2024/01/15/stock-markets-big-bank-earnings-point-to-a-grim-season-.html,CNBC Daily Open: Big Bank earnings point to a grim season
https://www.cnbc.com/2022/05/16/ryanair-posts-369-million-annual-loss-eyes-return-to-reasonable-profitability.html,"Ryanair posts $369 million annual loss, eyes return to 'reasonable profitability'"
https://www.cnbc.com/2021/10/25/one-troubling-trend-during-an-otherwise-spectacular-earnings-reporting-season.html,One troubling trend during an otherwise spectacular earnings reporting season
https://www.cnbc.com/2025/09/10/relentless-bull-market-booming-ai-inflation-threat-learn-the-best-2026-strategies-at-pro-live.html,Will the bull market make it to a fourth year? — Learn the best 2026 strategies at Pro Live
https://www.cnbc.com/2025/07/24/jim-cramer-says-pullbacks-in-2-stocks-after-earnings-give-new-investors-chances-to-buy.html,Jim Cramer says pullbacks in 2 stocks after earnings give new investors chances to buy
https://www.cnbc.com/2025/04/11/options-cant-pay-your-taxes-by-deadline.html,"Can't pay your taxes by April 15? You have options, IRS says"
https://www.cnbc.com/2023/05/02/banking-in-the-metaverse-ai-could-change-money-management.html,Banking in the metaverse? A.I. could be about to change the way you manage your money
https://www.cnbc.com/2024/09/18/tupperware-files-for-bankruptcy-as-its-colorful-containers-lose-relevance-.html,Tupperware files for bankruptcy as its colorful containers lose relevance
https://www.cnbc.com/2025/07/15/jim-cramer-reviews-the-terrifying-ups-and-downs-of-earnings-season.html,Jim Cramer reviews some of the 'terrifying' ups and downs of earnings season
https://www.cnbc.com/2024/08/19/tuesdays-big-stock-stories-whats-likely-to-move-the-market.html,Tuesday's big stock stories: What's likely to move the market in the next trading session
https://www.cnbc.com/2026/04/22/rfk-jr-says-he-would-support-a-potential-ban-on-junk-food-tv-ads.html,RFK Jr. says he would support a potential ban on junk food TV ads
https://www.cnbc.com/2026/07/14/jim-cramer-concerns-ai-market-froth-overblown.html,Jim Cramer says concerns about AI market froth are overblown. Here's why
https://www.cnbc.com/2021/10/19/procter-gamble-shows-raising-prices-is-not-the-cure-all-for-companies-facing-higher-costs.html,Procter & Gamble shows raising prices is not the cure all for companies facing higher costs
https://www.cnbc.com/2023/03/01/supreme-court-biden-loan-forgiveness-plan-chances.html,"Biden administration lawyer may have saved student loan forgiveness plan at Supreme Court, experts say"
https://www.cnbc.com/2026/05/07/france-is-world-cup-favorite-but-ai-is-backing-another-winner.html,"France is fan favorite for the FIFA World Cup — but AI is backing another nation for glory, says BofA"
https://www.cnbc.com/2023/01/19/greta-thunberg-on-uae-oil-ceo-leading-cop28-completely-ridiculous.html,Greta Thunberg on Abu Dhabi's oil chief leading COP28 climate summit: 'Completely ridiculous'
https://www.cnbc.com/2022/03/01/goldman-joins-firms-downgrading-foot-locker-after-nike-update.html,Goldman joins Wall Street firms downgrading Foot Locker after Nike change
https://www.cnbc.com/2023/10/19/what-student-loan-borrowers-should-know-about-12-month-on-ramp-period.html,Here's what student loan borrowers need to know about the 12-month 'on-ramp' period
https://www.cnbc.com/2022/07/28/us-treasury-yields-rise-after-fed-decision-.html,10-year Treasury yield falls after preliminary GDP reading shows negative growth
https://www.cnbc.com/2024/11/05/jim-cramer-lists-10-stocks-that-could-do-well-under-harris-or-trump.html,Jim Cramer lists 10 stocks that could do well under Harris or Trump
https://www.cnbc.com/2023/12/18/nikola-founder-trevor-milton-sentencing-fraud-charges.html,Nikola founder Trevor Milton sentenced to four years in prison for fraud
https://www.cnbc.com/2022/09/08/sec-chair-gensler-asks-crypto-community-to-embrace-regulation.html,SEC Chair Gary Gensler asks crypto community to embrace regulation or risk being sued
https://www.cnbc.com/2022/08/04/goldman-says-market-mechanics-indicate-there-could-be-another-leg-lower.html,Goldman says market mechanics indicate there could be another leg lower
https://www.cnbc.com/2023/10/18/paintjet-puts-robots-to-work-in-construction-where-labor-is-tight.html,PaintJet puts robots to work in construction and maintenance as labor shortage drags on
https://www.cnbc.com/2025/10/01/india-rbi-holds-rates-steady-at-5-5percent-in-line-with-forecast-as-inflation-cools.html,India holds rates steady at 5.5% in line with forecast as central bank assesses earlier cuts
https://www.cnbc.com/2024/03/26/hyundais-genesis-previews-all-electric-suv-concept-the-neolun.html,"Hyundai’s Genesis reveals all-electric SUV concept, the Neolun"
https://www.cnbc.com/2023/04/29/elon-musk-spacexs-starship-costing-about-2-billion-this-year.html,"SpaceX to spend about $2 billion on Starship this year, as Elon Musk pushes to reach orbit"
https://www.cnbc.com/2022/11/15/white-house-requests-37point7-billion-in-ukraine-funding-10-billion-for-covid.html,"White House requests $37.7 billion in new Ukraine funding, $10 billion for Covid relief"
https://www.cnbc.com/2025/04/01/stocks-stay-choppy-and-our-biggest-questions-about-trumps-upcoming-tariffs.html,"Stocks stay choppy, and our biggest questions about Trump's upcoming tariffs"
https://www.cnbc.com/2023/02/02/kyrsten-sinema-gets-wall-street-real-estate-support-ahead-of-2024-election.html,"Sen. Kyrsten Sinema pulls in cash from Wall Street, real estate titans as she mulls reelection bid"
https://www.cnbc.com/2025/11/19/couple-us-down-payment-italy-apartment.html,"Couple was saving for their first home in Washington, D.C., but bought an apartment in Italy instead: 'It's a pinch me moment'"
https://www.cnbc.com/2024/12/31/heres-where-ubs-thinks-weight-loss-drugs-are-headed-in-2025.html,Want to invest in weight loss drugs? Here’s where UBS thinks they’re headed in 2025
https://www.cnbc.com/2023/05/24/share-of-high-earners-living-paycheck-to-paycheck-jumps-year-over-year.html,"Share of six-figure earners living paycheck to paycheck jumps, report finds. Advisor offers ways to break the cycle"
https://www.cnbc.com/2022/05/31/sterling-is-taking-on-emerging-market-characteristics-bank-of-america.html,"British pound is taking on 'emerging market' characteristics, Bank of America says"
https://www.cnbc.com/2022/04/04/deep-isolation-aims-to-bury-nuclear-waste-using-boreholes.html,This daughter and father founded a company to bury nuclear waste by drilling deep boreholes
https://www.cnbc.com/2022/11/19/737-max-crash-victim-families-press-us-on-boeing-settlement.html,737 Max crash victim families press U.S. on Boeing settlement
https://www.cnbc.com/2025/06/11/government-cant-hold-columbia-activist-mahmoud-khalil-federal-judge-rules.html,"Government can't hold Columbia activist Mahmoud Khalil, federal judge rules"
https://www.cnbc.com/2024/10/28/ford-motor-f-earnings-q3-2024.html,Ford guides to low end of 2024 earnings forecast as it slightly tops Wall Street's third-quarter expectations
https://www.cnbc.com/2023/04/06/weaker-us-dollar-making-travel-to-europe-more-costly.html,"Here's why travel to Europe is no longer a 'screaming, bargain-basement' deal"
https://www.cnbc.com/2025/01/22/ceasefire-deal-with-hamas-is-not-a-strategic-victory-for-israel-economy-minister-says.html,"Ceasefire deal with Hamas is not a strategic victory for Israel, economy minister says"
https://www.cnbc.com/2022/05/11/bitcoin-drops-below-30000-as-hot-inflation-report-causes-investors-to-shun-risky-assets.html,"Bitcoin drops below $27,000 level as crypto sell-off continues"
https://www.cnbc.com/2025/12/11/cnbc-daily-open-much-to-like-in-feds-meeting-amid-warnings-of-restraint.html,CNBC Daily Open: Much to like in Fed's meeting amid warnings of restraint
https://www.cnbc.com/2025/08/13/dollar-slips-to-a-two-week-low-as-investors-eye-fed-cut.html,Dollar extends weakness as anticipation mounts of Fed interest rate cut
https://www.cnbc.com/2026/03/09/401k-auto-portability-roth.html,Small 401(k)s may automatically follow workers to their next job — except Roth money
https://www.cnbc.com/2023/11/09/ceo-on-why-natural-gas-infrastructure-must-be-ready-for-clean-hydrogen.html,'We need everything': CEO on why natural gas infrastructure needs to be ready for clean hydrogen
https://www.cnbc.com/2023/09/15/student-loan-borrowers-at-risk-of-scams-as-payments-restart-says-ftc.html,"Student loan borrowers at risk of scams as payments restart, says FTC"
https://www.cnbc.com/2024/11/18/how-trumps-win-could-change-your-health-care.html,How Trump's win could change your health care
https://www.cnbc.com/2025/03/11/ukraine-agrees-to-us-led-ceasefire-plan-if-russia-accepts.html,Ukraine agrees to U.S.-led ceasefire plan if Russia accepts
https://www.cnbc.com/2022/03/03/frances-emmanuel-macron-confirms-hes-running-for-a-second-term.html,France's Emmanuel Macron confirms he's running for a second term as president
https://www.cnbc.com/2023/07/05/cctv-weekly-script-19/05/23.html,CCTV Weekly Script 19/05/23
https://www.cnbc.com/2023/12/17/psychologist-how-yelling-at-kids-affects-their-happiness-success.html,Child psychologist shares the No. 1 way to help your kids become 'happier' and ‘more successful': Stop yelling at them
https://www.cnbc.com/2025/12/04/jim-cramer-says-these-5-stocks-are-set-for-a-bounce-back-in-2026.html,These 5 high-quality stocks are set up for a big bounce back in 2026
https://www.cnbc.com/2021/10/27/letitia-james-will-run-for-new-york-governor-sources-say.html,"Letitia James will run for New York governor, sources say"
https://www.cnbc.com/2025/07/13/earnings-playbook-reporting-season-kicks-off-with-big-banks-netflix.html,Earnings playbook: The reporting season kicks off with big banks and Netflix on deck
https://www.cnbc.com/2025/05/29/blocked-trump-tariffs-trade-court-appeal.html,Trump tariffs reinstated by appeals court for now
https://www.cnbc.com/2026/03/09/iran-war-bank-of-england-march-april-rate-cut-inflation-interest-rates.html,The Iran war has put the brakes on the next Bank of England rate cut
https://www.cnbc.com/2023/09/27/evergrande-pressure-with-chairman-under-police-watch-liquidation-risk.html,"Pressure piles on Evergrande with chairman under police watch, liquidation risk"
https://www.cnbc.com/2025/10/01/microsoft-price-hike-xbox-game-pass-ultimate.html,Microsoft hikes price of top-tier Xbox Game Pass Ultimate by $10
https://www.cnbc.com/2024/05/13/australias-budget-is-expected-to-target-housing-affordability-crisis.html,Australia's budget is expected to target housing crisis as prices keep climbing
https://www.cnbc.com/2023/05/23/tuesdays-biggest-wall-street-analyst-calls.html,"Here are Tuesday's biggest analyst calls: Nvidia, Tesla, Microsoft, Zoom, Chevron, Meta & more"
https://www.cnbc.com/2021/11/05/btig-upgrades-shake-shack-despite-sales-miss-says-fundamentals-will-improve-from-here.html,"BTIG upgrades Shake Shack despite sales miss, says fundamentals will improve from here"
https://www.cnbc.com/2025/01/02/cramer-explains-recent-sales-of-2-beloved-stocks-shrugs-off-alphabet-downgrade.html,Cramer explains recent sales of 2 beloved stocks and shrugs off Alphabet downgrade
https://www.cnbc.com/2024/03/12/fewer-raises-less-career-advancement-for-women-at-work-this-year-cnbcsurveymonkey.html,"Fewer raises, less career advancement for women at work this year: CNBC|SurveyMonkey"
https://www.cnbc.com/2022/01/19/ned-davis-research-cuts-view-on-stocks-on-worries-over-earnings-and-the-fed.html,Ned Davis Research cuts view on stocks on worries over earnings and the Fed
https://www.cnbc.com/2026/03/04/respect-price-over-opinion-when-sp-500-is-inside-multi-month-trading-box.html,Respect price over opinion when the S&P 500 range is inside a multi-month 'trading box'
https://www.cnbc.com/2024/07/25/cathie-woods-ark-invest-bought-the-dip-in-tesla-and-crowdstrike-after-big-sell-offs.html,Cathie Wood's Ark Invest bought the dip in Tesla and CrowdStrike after big sell-offs
https://www.cnbc.com/2024/05/03/warren-buffetts-shopping-extravaganza-kicks-off-with-squishmallows-pit.html,"Warren Buffett’s shopping extravaganza kicks off with Squishmallows pit, 'Poor Charlie’s Almanack'"
https://www.cnbc.com/2022/03/18/indian-beauty-company-nykaa-looks-to-physical-retail-expansion.html,Indian beauty company Nykaa looks to physical retail expansion to meet consumer demand for offline sales
https://www.cnbc.com/2024/10/09/amazon-just-walk-out-rival-shutters-after-failing-to-secure-funding.html,Amazon cashierless tech competitor Grabango shutters after failing to secure funding
https://www.cnbc.com/2023/03/07/why-moving-in-retirement-can-earn-you-an-extra-100000-or-more.html,"Why moving in retirement can earn you an extra $100,000 — or more"
https://www.cnbc.com/2023/07/26/the-dow-is-riding-its-longest-winning-streak-since-2017-heres-why.html,The Dow just posted its best winning streak since the 1980s. Why it keeps going higher
https://www.cnbc.com/2024/10/17/cramer-investors-worried-about-the-feds-next-move-are-missing-out.html,Jim Cramer says investors too worried about the Fed's next move are missing opportunities
https://www.cnbc.com/2023/10/03/stocks-making-the-biggest-moves-midday-meta-wrby-mkc.html,"Stocks making the biggest moves midday: Meta, Warby Parker, McCormick and more"
https://www.cnbc.com/2025/03/21/cramer-sees-a-great-entry-point-for-new-investors-to-buy-this-stock.html,Jim Cramer sees a 'great entry point' for new investors to buy this struggling stock
https://www.cnbc.com/2025/08/27/nvidia-shares-fall-on-a-strong-but-not-impenetrable-quarter-theres-still-so-much-to-like.html,Nvidia shares fall on a strong but not impenetrable quarter. There's still so much to like
https://www.cnbc.com/2024/04/24/us-treasury-yields-as-investors-weigh-economic-outlook.html,Treasury yields rise as traders await key U.S. economic data
https://www.cnbc.com/2023/10/21/3-things-to-watch-in-the-market-next-week-as-bond-yields-hover-at-2007-highs.html,3 things to watch in the stock market next week as bond yields hover at 2007 highs
https://www.cnbc.com/2026/06/08/cnbc-daily-open-the-great-tech-retreat.html,CNBC Daily Open: The great tech retreat
https://www.cnbc.com/2023/09/01/jim-cramers-guide-to-investing-lessons-for-young-people-.html,Jim Cramer's guide to investing: Lessons for young people
https://www.cnbc.com/2026/04/30/japan-us-security-burden-taro-kono-defense-china-tensions-taro-kono.html,"Japan puts 'too much burden' on U.S. for security, former defense minister Kono says"
https://www.cnbc.com/2022/04/24/ecb-policymakers-are-reportedly-keen-for-a-quick-end-to-bond-buys-early-rate-hike.html,"ECB policymakers are reportedly keen for a quick end to bond buys, early rate hike"
https://www.cnbc.com/2026/09/10/cctv-script-10/09/26.html,CCTV Script 10/09/26
https://www.cnbc.com/2021/10/31/what-it-takes-to-earn-100k-a-year-as-an-electrician-in-new-york-city.html,On the job: What it takes to earn $100K a year as an electrician in New York City
https://www.cnbc.com/2023/04/04/trump-arraignment-marjorie-taylor-greene-george-santos-flee-protests-.html,"Reps. Marjorie Taylor Greene, George Santos flee protests outside of NYC courthouse where Trump was arraigned"
https://www.cnbc.com/2025/10/26/cramer-invest-in-stocks-and-avoid-1990s-like-speculation-that-seems-so-tempting.html,Invest in stocks and avoid 1990s-like speculation that seems so tempting
https://www.cnbc.com/2022/11/30/the-traditional-december-bounce-for-stocks-may-be-more-elusive-but-its-still-possible.html,"The traditional December bounce for stocks may be more elusive, but it’s still possible"
https://www.cnbc.com/2025/07/10/cnbc-launches-property-play-vertical-focused-on-the-real-estate-investor.html,CNBC Launches Property Play Vertical Focused on the Real Estate Investor
https://www.cnbc.com/2022/02/02/analysts-see-alphabet-soaring-as-much-as-41percent-after-blowout-earnings.html,Analysts see Alphabet soaring as much as 41% after blowout earnings
https://www.cnbc.com/2021/11/16/why-more-iconic-companies-like-ge-and-jj-may-be-about-to-get-smaller.html,"For the stock market's biggest companies, there may never be a better time to break up"
https://www.cnbc.com/2025/08/03/a-black-hole-new-graduates-discover-a-dismal-job-market.html,'A black hole': New graduates discover a dismal job market
https://www.cnbc.com/2021/11/01/tom-lee-thinks-this-underperforming-group-of-stocks-will-break-out-in-2022.html,Tom Lee thinks this underperforming group of stocks will break out in 2022
https://www.cnbc.com/2024/05/08/sweden-just-cut-interest-rates-why-us-investors-should-take-note.html,Sweden just cut interest rates. Why U.S. investors should take note
https://www.cnbc.com/2024/07/03/cant-understand-your-teenagers-behavior-psychologists-have-tips-to-offer.html,Can't understand your teenager's behavior? Psychologists have tips to offer
https://www.cnbc.com/2023/07/18/united-adds-tokyo-manila-and-taipei-flights.html,"United adds Tokyo, Manila and Taipei flights to cater to international travel boom"
https://www.cnbc.com/2025/11/05/doordash-stock-dash-q3-2025-earnings.html,"Doordash stock sinks 9% as company misses earnings, says it expects further spending"
https://www.cnbc.com/2024/01/23/logitech-ceo-says-sales-growth-will-be-gradual-due-to-headwinds.html,Logitech CEO says sales growth will be 'gradual' due to external headwinds
https://www.cnbc.com/2022/04/12/waste-management-has-little-upside-in-the-months-ahead-as-downside-risks-increase-bmo-says.html,"Waste Management has little upside in the months ahead as downside risks increase, BMO says"
https://www.cnbc.com/2023/06/01/british-pm-rishi-sunak-says-ukraines-rightful-place-is-in-nato.html,British PM Rishi Sunak says Ukraine's rightful place is in NATO
https://www.cnbc.com/2024/07/18/analysts-downgrade-palo-alto-to-a-hold-heres-what-they-got-wrong.html,Analysts downgrade Palo Alto to a hold rating — here's what they got wrong
https://www.cnbc.com/2023/05/06/how-the-8-billion-parking-industry-is-evolving-to-stay-alive-.html,How the $8 billion parking industry is evolving to stay alive
https://www.cnbc.com/2026/05/11/supreme-court-alabama-republicans.html,Supreme Court clears way for Alabama Republicans to pursue new voting map
https://www.cnbc.com/2024/09/25/mercks-colorectal-cancer-therapy-fails-late-stage-trial.html,Merck's colorectal cancer therapy fails late-stage trial
https://www.cnbc.com/2023/12/08/why-the-us-has-a-serious-mining-worker-shortage.html,Why the U.S. has a serious mining worker shortage
https://www.cnbc.com/2024/12/12/5-things-to-know-before-the-stock-market-opens-thursday-december-12.html,5 things to know before the stock market opens Thursday
https://www.cnbc.com/2025/10/19/cramer-10-things-i-learned-from-ceos-on-my-trip-to-the-west-coast-2025.html,Here are 10 things I learned from CEOs on my trip to San Francisco
https://www.cnbc.com/2026/02/04/cigna-settles-ftc-insulin-case-commits-to-overhauling-drug-pricing.html,"Cigna settles FTC insulin case, commits to overhauling drug pricing"
https://www.cnbc.com/2025/03/17/harvard-will-offer-free-tuition-for-families-earning-200k-or-less.html,"Harvard will offer free tuition for families earning $200,000 or less a year"
https://www.cnbc.com/2026/03/25/europan-markets-stoxx-600-ftse-dax-cac-iran-news-oil-prices.html,European markets finish higher as U.S. seeks end to Iran conflict
https://www.cnbc.com/2024/12/11/us-treasury-yields-investors-look-to-consumer-inflation-data.html,Treasury yields move higher as attention turns to next week's Fed meeting
https://www.cnbc.com/2022/10/26/the-key-to-whats-driving-the-stock-market-is-the-2-year-yield-and-thats-trending-lower-.html,"The key to what's driving the stock market is the 2-year yield, and that's trending lower"
https://www.cnbc.com/2021/09/16/google-cloud-ceo-thomas-kurian-not-afraid.html,Thomas Kurian shows he's not afraid to shake things up at Google Cloud as he pursues growth
https://www.cnbc.com/2026/01/27/china-industrial-profits-2025-december-growth-factory-consumer-demand.html,"China's industrial profits edge up in 2025, reversing three years of declines as Beijing curbs price wars"
https://www.cnbc.com/2026/03/24/cctv-script-24/03/26.html,CCTV Script 24/03/26
https://www.cnbc.com/2025/11/20/yen-slumps-dollar-jumps-as-rate-cut-bets-recede.html,"Yen slumps, dollar jumps as rate cut bets recede"
https://www.cnbc.com/2026/07/29/gold-holds-steady-ahead-of-feds-rate-decision.html,Gold holds steady ahead of Fed's rate decision
https://www.cnbc.com/2026/02/09/tesla-exec-raj-jegannathan-leaves-automaker-after-13-years.html,Tesla exec Raj Jegannathan leaves automaker after 13 years
https://www.cnbc.com/2024/07/18/were-upgrading-eli-lilly-after-an-overdone-sell-off-on-competition-fears-.html,We're upgrading Eli Lilly after an overdone sell-off on competition fears
https://www.cnbc.com/2023/02/14/gold-firms-in-run-up-to-us-inflation-reading.html,Gold cedes gains on hawkish Fed; palladium sinks to near 4-year low
https://www.cnbc.com/2021/10/09/oil-wells-in-la-nearby-residents-grapple-with-health-problems.html,"'Ground zero for pollution:' In this L.A. neighborhood surrounded by oil refineries, residents grapple with health issues"
https://www.cnbc.com/2024/02/02/heres-how-to-qualify-for-the-earned-income-tax-credit-this-season.html,"Nearly 1 in 5 eligible taxpayers don't claim this 'valuable credit,' IRS says"
https://www.cnbc.com/2025/08/26/morgan-stanley-repeats-overweight-rating-on-nio-after-90percent-rally-in-60-days.html,Morgan Stanley reiterates overweight rating on Nio after Chinese EV maker’s 90% rally in 60 days
https://www.cnbc.com/2024/07/29/us-airlines-cut-growth-plans-for-second-half.html,U.S. airlines cut growth plans in a bid to stem profit-eating fare discounts
https://www.cnbc.com/2021/09/24/mortgage-rates-rise-and-more-increases-could-be-coming.html,Mortgage rates rose sharply this week – and there could be more increases on the way
https://www.cnbc.com/2022/06/07/the-investment-thats-the-first-place-to-start-to-keep-up-with-inflation-according-to-a-bond-strategist.html,"The investment that's 'the first place to start' to keep up with inflation, according to a bond strategist"
https://www.cnbc.com/2025/10/16/top-ecb-board-members-see-sticky-inflation-but-clear-rate-path.html,Top European Central Bank board members say the easing cycle is done
https://www.cnbc.com/2022/01/14/these-stocks-reporting-next-week-usually-beat-the-street-and-trade-higher.html,These stocks reporting next week usually beat the Street and trade higher
https://www.cnbc.com/2022/07/14/bond-yields-rise-as-yield-curve-inversion-sends-worrying-signals-.html,Bond yields rise as yield curve inversion sends worrying recession signals
https://www.cnbc.com/2023/02/12/mark-cuban-chatgpt-ai-tech-will-make-internet-misinformation-worse.html,Mark Cuban: Internet misinformation will only ‘get worse’ as ChatGPT and its competitors grow
https://www.cnbc.com/2025/06/03/dutch-government-collapses-as-wilders-withdraws-party-from-coalition.html,Dutch PM steps down after far-right party leaves coalition over immigration proposals
https://www.cnbc.com/2026/03/10/stocks-making-the-biggest-moves-premarket-kss-casy-vrtx.html,"Stocks making the biggest moves premarket: Kohl's, Casey's General Stores, Vertex Pharmaceuticals and more"
https://www.cnbc.com/2023/10/03/at-ages-104-and-84-these-women-are-looking-to-break-skydiving-records.html,"At ages 104 and 84, these women are looking to break skydiving records: 'This is a good sport for retired people'"
https://www.cnbc.com/2026/02/13/nba-valuations-2026-san-antonio-spurs.html,21. San Antonio Spurs
https://www.cnbc.com/2023/08/08/new-data-shows-tesla-could-have-a-china-problem-bank-of-america-says.html,"New data shows Tesla could have a China problem, Bank of America says"
https://www.cnbc.com/2025/11/04/jim-cramer-says-this-cheap-bank-is-killing-it-plus-2-chip-stock-price-target-hikes.html,"Jim Cramer says this cheap bank is 'killing it' — plus, 2 chip stock price target hikes"
https://www.cnbc.com/2025/09/21/what-we-know-about-the-cyberattack-that-hit-major-european-airports.html,What we know about the cyberattack that hit major European airports
https://www.cnbc.com/2022/02/03/airbnb-survived-covid-but-the-crisis-mode-in-sharing-economy-stays.html,"Airbnb survived Covid, but the crisis mode in ""sharing"" economy stays"
https://www.cnbc.com/2024/03/19/biden-campaign-recruits-nikki-haley-donors-to-help-defeat-donald-trump.html,Inside the Biden effort to recruit Nikki Haley donors to help defeat Donald Trump
https://www.cnbc.com/2025/03/10/novo-nordisk-shares-fall-after-cagrisema-weight-loss-drug-trial-result.html,Novo Nordisk shares fall 6.3% after latest trial results for its next-generation weight loss drug
https://www.cnbc.com/2022/11/03/us-airlines-pilot-contract-negotiations-turn-rocky.html,Pilot contract negotiations with airlines turn sour
https://www.cnbc.com/2022/10/06/biden-to-pardon-all-prior-federal-offenses-of-simple-marijuana-possession-.html,"Biden pardons thousands of people convicted of marijuana possession, orders review of federal pot laws"
https://www.cnbc.com/climate-policy/,Climate Policy
https://www.cnbc.com/2023/09/19/ev-charging-industry-improvements.html,EV charging needs big improvements soon if the auto industry's transition is going to work
https://www.cnbc.com/2024/12/10/these-old-economy-stocks-primed-to-do-well-in-the-ai-age-are-buys-heading-into-2025-investor-says.html,"These 'old economy' stocks primed to do well in the AI age are buys heading into 2025, investor says"
https://www.cnbc.com/2024/12/24/honda-shares-set-for-best-day-in-more-than-16-years-on-share-buyback-plan-nissan-deal.html,"Honda shares set for best day in more than 16 years on share buyback plan, Nissan deal"
https://www.cnbc.com/2022/07/21/piper-sandler-says-sell-docusign-citing-risks-amid-ceo-transition.html,"Piper Sandler says sell DocuSign, citing elevated risks amid CEO transition"
https://www.cnbc.com/2021/12/02/biden-asks-businesses-to-proceed-with-vaccine-mandate-after-omicron-variant-arrives-in-us.html,Biden asks businesses to proceed with vaccine mandate after omicron variant arrives in U.S.
https://www.cnbc.com/2023/12/08/cramer-says-ai-stocks-have-more-room-to-run.html,Cramer says AI stocks have more room to run: ‘This move's just getting started’
https://www.cnbc.com/2026/02/10/kitsch-women-hair-care-beauty-bar-shampoo.html,How Kitsch founder Cassandra Morales Thurswell got women to switch to bar shampoo
https://www.cnbc.com/2022/06/13/national-security-adviser-jake-sullivan-meets-yang-jiechi.html,U.S. holds 'candid' and 'productive' talks with China in nearly 5-hour meeting
https://www.cnbc.com/2025/08/01/top-stocks-from-analysts-friday-like-apple.html,"Here are Friday's biggest analyst calls: Nvidia, Apple, Amazon, Boeing, Roku, Reddit, Nio, Canada Goose, Coinbase and more"
https://www.cnbc.com/2024/02/06/current-state-of-the-economy-is-poor-according-to-most-young-americans-polled-in-the-cnbcgeneration-lab-youth-money-in-the-usa-survey-.html,"Current state of the economy is poor, according to most young Americans polled in the CNBC|Generation Lab “Youth & Money in the USA” Survey"
https://www.cnbc.com/2025/05/28/jd-vance-tells-bitcoin-conference-stablecoins-dont-threaten-dollar-.html,JD Vance tells bitcoin conference that stablecoins don't threaten the dollar
https://www.cnbc.com/2022/09/20/uns-guterres-says-polluters-must-pay-calls-for-tax-on-fossil-fuels.html,"UN secretary general says 'polluters must pay,' calls for extra tax on fossil fuel profits"
https://www.cnbc.com/2025/08/10/nvidia-china-h20-chips.html,Nvidia claps back against Chinese accusations its H20 chips pose a security risk
https://www.cnbc.com/2022/03/23/watch-uk-finance-minister-rishi-sunaks-budget-announcement.html,Watch UK Finance Minister Rishi Sunak's budget announcement
https://www.cnbc.com/2024/10/03/supply-chain-disruptions-could-benefit-these-stocks-goldman-sachs.html,"Supply chain disruptions could benefit these stocks, Goldman Sachs says"
https://www.cnbc.com/2026/09/11/diesel-price-iran-strait-hormuz-ukraine-russia.html,"U.S. diesel price tops $6 per gallon, a record high as Ukraine and Iran wars ripple through economy"
https://www.cnbc.com/2021/10/08/holiday-shopping-2021-sams-club-bets-on-bigger-turkeys-more-toys.html,Bigger turkeys are back as Sam's Club bets on larger holiday gatherings
https://www.cnbc.com/2022/03/03/experts-when-you-might-need-a-second-covid-vaccine-booster-shot.html,You’ll probably need a second Covid booster shot — here’s when experts say it could happen
https://www.cnbc.com/2022/04/22/hockey-hall-of-famer-guy-lafleur-dies-at-age-70.html,Hockey Hall of Famer Guy Lafleur dies at age 70
https://www.cnbc.com/2025/04/15/this-cruise-stock-can-double-and-withstand-a-slowing-consumer-citi-says.html,"This cruise stock can more than double from here and withstand a slowing consumer, Citi says"
https://www.cnbc.com/2023/05/22/nvidia-is-poised-to-pull-away-from-peers-ahead-of-semiconductor-earnings-this-week-keybanc-says.html,"Nvidia is poised to pull away from peers ahead of semiconductor earnings this week, KeyBanc says"
https://www.cnbc.com/2025/08/12/goldman-sachs-uec-uranium-energy-nuclear-critical-minerals.html,"Goldman sees this uranium stock surging as U.S. expands nuclear power, invests in critical resources"
https://www.cnbc.com/2022/10/15/accused-of-flirting-juror-dismissed-from-whitmer-plot-trial.html,"Accused of flirting, juror dismissed from Whitmer plot trial"
https://www.cnbc.com/2025/10/17/trump-george-santos-prison-commutation.html,Trump commutes prison sentence of ex-GOP Rep. George Santos
https://www.cnbc.com/2025/02/14/why-stock-pickers-still-wont-ever-outperform-market-index-long-term.html,"Stock pickers are on a record run with investors. Don't be fooled, says index fund guru"
https://www.cnbc.com/2025/05/12/google-launches-ai-startup-fund-offering-access-to-new-models.html,Google launches AI startup fund offering access to new models and tools
https://www.cnbc.com/2023/05/29/harvard-psychologist-if-you-use-these-phrases-you-are-more-emotionally-secure-than-most-people.html,"Harvard-trained psychologist: If you use any of these 9 phrases every day, ‘you're more emotionally secure than most'"
https://www.cnbc.com/2023/10/02/sen-bob-menendez-bribery-trial-set-for-may-2024.html,Sen. Bob Menendez bribery trial set for May 2024
https://www.cnbc.com/2026/08/28/cctv-script-08/07/26.html,CCTV Script 08/07/26
https://www.cnbc.com/2023/06/29/ex-pfizer-employee-charged-over-trading-on-paxlovid-data.html,Former Pfizer employee charged with insider trading on unreleased Covid pill data
https://www.cnbc.com/2025/07/08/elon-musks-grok-ai-chatbot-is-posting-antisemitic-comments-.html,Elon Musk's Grok AI chatbot is posting antisemitic comments
https://www.cnbc.com/2025/07/08/gold-holds-ground-as-investors-assess-us-tariff-hike.html,Safe-haven gold slips over 1% on trade optimism
https://www.cnbc.com/2023/09/12/heritage-investment-group-fa-100.html,2. Heritage Investment Group
https://www.cnbc.com/2023/03/22/stocks-moving-big-midday-nvda-frc-nke-gme.html,"Stocks making the biggest moves midday: Nvidia, First Republic, Nike, GameStop and more"
https://www.cnbc.com/2022/10/26/jpmorgan-still-sees-amazon-as-best-investing-idea-ahead-of-third-quarter-earnings.html,JPMorgan still sees Amazon as best investing idea ahead of third-quarter earnings
https://www.cnbc.com/2024/10/10/these-income-generating-assets-offer-yields-of-more-than-5percent.html,These income-generating assets are paying yields of more than 5%
https://www.cnbc.com/2025/07/16/stocks-making-the-biggest-moves-premarket-gs-asml-deo-jnj-more.html,"Stocks making the biggest moves premarket: Goldman Sachs, ASML, Diageo, Johnson & Johnson and more"
https://www.cnbc.com/2022/11/22/best-buy-bby-earnings-q3-2023.html,Best Buy shares surge after retailer sticks with its holiday-quarter outlook
https://www.cnbc.com/2022/04/21/european-markets-head-for-higher-open-ukraine-war-remains-in-focus.html,European stocks close higher as traders track earnings and Ukraine developments
https://www.cnbc.com/2024/07/05/rent-a-car-for-a-road-trip-or-drive-your-own-5-things-to-consider.html,"Rent a car for a road trip, or drive your own? 5 things to consider"
https://www.cnbc.com/2026/08/21/taiwan-gdp-growth-outlook-tech-forecast.html,"Taiwan's AI-fueled forecast of 11% GDP growth likely not sustainable, economists say"
https://www.cnbc.com/2026/01/13/some-traders-say-the-market-is-too-calm-how-to-hedge-just-in-case.html,Some traders say the market is way too calm given the risks out there. How to hedge for a volatility spike
https://www.cnbc.com/2024/06/20/thursdays-analyst-calls-nvda-to-rally-more-than-20percent-meta-gets-a-price-target-hike.html,"Thursday's analyst calls: Nvidia to rally more than 20%, Meta Platforms gets a price target hike"
https://www.cnbc.com/2024/04/19/centenarian-population-will-quadruple-by-2054-thats-a-financial-challenge.html,"By 2054, there will be 422,000 Americans over age 100. That poses a financial challenge"
https://www.cnbc.com/2023/08/04/analysts-see-more-gains-for-apple-going-forward-but-some-warn-of-mounting-headwinds.html,"Analysts see more gains for Apple going forward, but some warn of mounting headwinds"
https://www.cnbc.com/2026/03/23/monday-wall-street-analyst-calls-like-nvidia.html,"Here are Monday's biggest analyst calls: Nvidia, Apple, Tesla, AT&T, Dell, Levi's, Valvoline, MongoDB & more"
https://www.cnbc.com/2024/06/05/tech-stars-wednesday-nvidia-climbs-toward-a-3-trillion-market-cap.html,Tech is the star of the show — Nvidia climbs toward a $3 trillion market cap
https://www.cnbc.com/2023/11/20/free-at-home-covid-tests-available-starting-monday.html,U.S. to offer another round of free at-home Covid tests starting Monday
https://www.cnbc.com/2024/12/24/polite-way-to-gift-cash-according-to-etiquette-pros.html,"The polite way to gift cash this holiday season, according to etiquette pros—you can even use Venmo"
https://www.cnbc.com/2026/07/01/corruption-cases-investibility-warnings-indonesia-tests-investors.html,"Corruption cases, investibility warnings, fiscal woes: Indonesia continues to test investors"
https://www.cnbc.com/2023/06/30/apple-passes-3-trillion-market-cap-heres-how-to-play-the-stock.html,Apple passes $3 trillion market cap. Here's how to play the stock
https://www.cnbc.com/2022/11/18/ray-dalio-shares-his-outlook-on-covid-real-estate-politics-in-china.html,Ray Dalio says none of China's new leadership team appear to be 'extremists'
https://www.cnbc.com/2023/02/02/ask-this-job-interview-question-to-spot-a-red-flag-at-the-company.html,"The No. 1 job interview question to ask to spot a red flag, from an HR pro"
https://www.cnbc.com/2025/02/10/chinese-evs-compete-with-no-down-payment-5-year-interest-free-loans.html,How EV makers in China are ramping up competition: No down payment and 5-year interest-free loans
https://www.cnbc.com/2023/06/30/russia-ukraine-war-putin-seeks-to-regain-control-after-wagner-revolt.html,What next for Wagner? Russia’s Putin battles to regain control after short-lived revolt
https://www.cnbc.com/the-swift-effect/,The Swift Effect
https://www.cnbc.com/2021/11/03/how-much-money-this-person-made-driving-for-uber-eats-full-time.html,"This millennial made over $8,000 by delivering food 12 hours a day for 30 days. Here's a breakdown of his expenses"
https://www.cnbc.com/2025/06/06/stocks-to-watch-from-analyst-calls-friday-like-tesla.html,"Here are Friday's biggest analyst calls: Tesla, Nvidia, Robinhood, Microsoft, Deere, Amazon, McDonald's and more"
https://www.cnbc.com/2024/08/23/how-harris-trump-campaigns-could-impact-homebuilder-stocks.html,How the 2024 election could impact homebuilder stocks
https://www.cnbc.com/2022/12/02/climber-ceo-adrian-ballinger-how-to-succeed-without-chasing-risks.html,CEO who summitted Mt. Everest 8 times: How to achieve success without chasing risks
https://www.cnbc.com/2026/09/10/ai-is-losing-its-stranglehold-on-the-us-stock-market-heres-why.html,AI is losing its stranglehold on the U.S. stock market. Here's why
https://www.cnbc.com/2022/01/05/novak-djokovic-denied-entry-to-australia-has-visa-canceled-.html,"Novak Djokovic denied entry to Australia, has visa canceled"
https://www.cnbc.com/2022/10/31/euro-zone-inflation-hits-10point7percent-in-october-.html,Euro zone inflation hits record high of 10.7% as growth slows sharply
https://www.cnbc.com/2022/03/09/wall-street-on-investing-in-auto-stocks-tesla-rivian-and-more.html,"Here's Wall Street's take on how to play the auto market right now, covering Tesla, Rivian and more"
https://www.cnbc.com/2022/07/15/cctv-script-14/07/22.html,CCTV Script 14/07/22
https://www.cnbc.com/2022/02/28/pentagons-sda-awards-transport-layer-satellite-internet-contracts.html,Pentagon awards $1.8 billion in contracts to build out its military satellite internet
https://www.cnbc.com/2026/09/01/data-center-pennsylvania-shapiro-trump.html,Pa. Gov. Shapiro says too many data center developers 'don't care about our communities'
https://www.cnbc.com/2025/10/06/artificial-intelligence-is-exciting-play-into-earnings-wells-fargo.html,"'Outside of AI, I'm not really excited about anything,' Wells Fargo Chief Equity Strategist Ohsung Kwon says"
https://www.cnbc.com/2023/02/08/cvs-health-to-buy-oak-street-health-for-9point5-billion.html,CVS digs into primary care with $9.5 billion Oak Street Health deal
https://www.cnbc.com/2024/04/22/cramer-notes-positives-in-mondays-rebound-warns-vs-lasting-gains.html,"Cramer points to positives in Monday's rebound, but warns against lasting gains"
https://www.cnbc.com/2023/10/10/shark-tank-star-daymond-john-hosts-black-entrepreneurs-day.html,'Shark Tank' star Daymond John looks to boost Black entrepreneurs for a fourth year
https://www.cnbc.com/2026/06/03/kraft-heinz-ceo-expects-innovation-push-to-accelerate-next-year.html,Kraft Heinz CEO expects innovation push to accelerate next year: Reuters
https://www.cnbc.com/2021/10/03/jeff-bezos-on-failure-dont-give-up-no-matter-how-hard-it-gets.html,"Jeff Bezos on learning from failure: ‘Whatever your goals are, don’t give up no matter how hard it gets’"
https://www.cnbc.com/2026/01/16/openai-chip-deal-with-cerebras-adds-to-roster-of-nvidia-amd-broadcom.html,OpenAI has committed billions to recent chip deals. Some big names have been left out
https://www.cnbc.com/markets/europe-market-indexes/,Europe Market Indexes
https://www.cnbc.com/2024/07/05/these-stocks-are-seeing-recent-insider-selling-including-2-big-ai-plays.html,"These stocks are seeing big insider selling recently, including 2 major AI plays"
https://www.cnbc.com/2025/01/02/stocks-making-the-biggest-moves-midday-tsla-u-ceg.html,"Stocks making the biggest moves midday: Tesla, Unity Software, Constellation Energy and more"
https://www.cnbc.com/2025/05/26/gold-edges-lower-as-trump-extends-eu-tariff-deadline.html,Gold edges lower as Trump extends EU tariff deadline
https://www.cnbc.com/2025/07/17/how-to-trade-tesla-using-options-ahead-of-a-potential-earnings-miss.html,How to trade Tesla using options ahead of a potential earnings miss
https://www.cnbc.com/2024/08/30/trump-ivf-plan-vance-harris-election.html,Vance grilled on high cost of Trump's new IVF plan
https://www.cnbc.com/2023/05/24/bank-of-america-boosts-price-target-on-eli-lilly-to-500-on-obesity-drug-demand.html,Bank of America boosts price target on Eli Lilly to $500 on obesity drug demand
https://www.cnbc.com/2024/02/06/this-costly-withholding-mistake-is-always-a-surprise-tax-pro-says.html,"This costly withholding mistake is 'always a surprise,' tax pro says"
https://www.cnbc.com/2024/07/13/bernie-sanders-urges-dems-to-stop-the-bickering-and-back-biden.html,Bernie Sanders urges Dems to 'stop the bickering' and back Biden
https://www.cnbc.com/2025/07/11/us-senator-says-united-jetblue-partnership-could-harm-competition-reuters.html,"U.S. senator says United, JetBlue partnership could harm competition: Reuters"
https://www.cnbc.com/2022/11/15/alphabet-must-cut-headcount-and-trim-costs-activist-investor-tci-says.html,"Alphabet must cut headcount and trim costs, activist investor TCI says"
https://www.cnbc.com/2024/04/16/if-this-is-a-stock-market-correction-heres-how-history-says-it-will-unfold.html,"If this is a stock market correction, here's how history says it will unfold"
https://www.cnbc.com/2022/08/04/best-trades-on-cnbc-thursday-pros-eye-coinbase-after-blackrock-deal.html,Best trades on CNBC Thursday: Pros are watching Coinbase resurgence after BlackRock deal
https://www.cnbc.com/2021/12/04/ge-and-johnson-johnson-are-splitting-up-but-investors-arent-biting.html,"GE and Johnson & Johnson are splitting up, but investors aren't biting"
https://www.cnbc.com/2024/11/10/5-in-demand-low-stress-jobs-they-all-pay-over-100000-and-help-the-environment.html,"5 in-demand low-stress jobs — they all pay over $100,000 and help the environment"
https://www.cnbc.com/2025/06/10/copper-market-shows-tariffs-put-traders-and-businesses-in-a-bind.html,The copper market shows how tariffs are putting traders and businesses in a bind
https://www.cnbc.com/2025/07/26/eu-chief-to-meet-trump-in-scotland-in-push-to-secure-a-us-trade-deal.html,EU chief to meet Trump in Scotland in push to avoid a transatlantic trade war
https://www.cnbc.com/2022/01/28/one-positive-trend-emerges-from-rough-earnings-season-so-far-dividend-investing-is-back.html,One positive trend emerges from rough earnings season so far: Dividend investing is back
https://www.cnbc.com/2022/10/13/gold-markets-us-inflation-data-interest-rate-hikes.html,Gold eases as U.S. inflation data fans fears of aggressive rate hikes
https://www.cnbc.com/2022/06/17/how-employees-employers-can-navigate-coming-out-as-lgbtq-at-work.html,'Be in learning mode': How employees — and employers — can navigate coming out as LGBTQ at work
https://www.cnbc.com/2024/12/20/us-treasury-yields-investors-await-feds-preferred-inflation-gauge-.html,Spike in 10-year Treasury yield this week eases a bit after lighter-than-expected inflation reading
https://www.cnbc.com/2024/12/22/the-new-pro-crypto-government-could-spur-a-stablecoin-boom-in-2025.html,The new pro-crypto government could spur a stablecoin boom in 2025. What it means for investors
https://www.cnbc.com/2024/03/11/trump-vs-biden-where-candidates-stand-on-social-security-medicare.html,"Trump vs. Biden: Where 2024 presidential candidates stand on Social Security, Medicare"
https://www.cnbc.com/2026/01/28/lvmh-earnings-shares-fall-luxury.html,LVMH shares plummet nearly 8% as fourth-quarter results lag competitors
https://www.cnbc.com/2024/03/13/healthy-returns-whats-next-in-medicare-drug-price-negotiations.html,Healthy Returns: What’s next in the legal fight over Medicare drug price negotiations
https://www.cnbc.com/2024/05/23/auto-insurance-rates-are-jumping-the-most-since-the-1970s-but-there-could-be-relief-soon.html,"Auto insurance rates are jumping the most since the 1970s, but there could be relief soon"
https://www.cnbc.com/2026/07/08/were-exiting-our-position-in-an-ai-chipmaker-to-lock-in-big-gains.html,We're exiting our position in an AI chipmaker to lock in big gains
https://www.cnbc.com/2025/08/13/stocks-from-analyst-calls-wednesday-like-nvidia.html,"Here are Wednesday's biggest analyst calls: Nvidia, Broadcom, CoreWeave, Walmart, Cava, Nio, Dell, Capri and more"
https://www.cnbc.com/2023/03/14/the-wage-gap-gets-worse-when-women-hit-their-30s-heres-why.html,The wage gap gets worse for women in their 30s and 40s—and it's not just the 'motherhood penalty'
https://www.cnbc.com/2024/09/06/survey-how-many-americans-plan-to-work-in-retirement.html,Only 11% of American workers don't plan to work at all after they retire
https://www.cnbc.com/2023/05/23/cramer-says-ai-is-fueling-the-reacceleration-of-tech-in-the-stock-market.html,Cramer says AI is fueling the 'reacceleration of tech' in the stock market
https://www.cnbc.com/2022/05/04/jim-cramer-how-he-invests-his-own-money-and-why-half-is-in-cash.html,Jim Cramer reveals how he invests his own money—and why he keeps 50% in cash
https://www.cnbc.com/2022/02/28/lordstown-motors-to-produce-3000-electric-pickups-through-2023.html,"Lordstown Motors shares sink on underwhelming production plans, uncertainty around Foxconn deal"
https://www.cnbc.com/2023/01/09/uk-pm-sunak-restarts-talks-with-softbank-about-listing-arm-in-london.html,UK PM reportedly restarts talks with SoftBank about listing Arm in London
https://www.cnbc.com/2025/09/30/lithium-americas-stock-pops-as-government-takes-a-stake-to-boost-nevada-project.html,Lithium Americas stock pops 35% as government takes a stake to boost Nevada project
https://www.cnbc.com/2022/10/19/why-analysts-say-netflixs-third-quarter-results-signal-the-start-of-a-narrative-defining-period.html,Why analysts say Netflix's third-quarter results signal the start of a 'narrative defining period'
https://www.cnbc.com/2025/11/10/cnbc-daily-open-dont-hit-panic-button-on-tech-pullback-just-yet.html,CNBC Daily Open: Don't hit panic button on tech pullback just yet
https://www.cnbc.com/2023/04/05/dollar-struggles-near-2-month-low-on-weak-data-focus-on-rbnz.html,"Dollar rises after days of losses, but weak outlook intact"
https://www.cnbc.com/2021/10/18/netflix-earnings-a-dip-in-the-stock-is-opportunity-oppenheimer-says.html,Disney vs. Netflix: Traders place their bets on these streaming stocks
https://www.cnbc.com/2024/01/23/gold-drifts-higher-as-dollar-slips-ahead-of-cenbanks-verdicts.html,Gold edges up as traders eye cues on U.S. rate cuts
https://www.cnbc.com/2026/02/27/defense-anthropic-ai-war-risks-hegseth-amodei.html,Pentagon-Anthropic AI standoff is real-time testing balance of power in future of warfare
https://www.cnbc.com/2024/07/31/how-many-dates-single-people-should-go-on-to-find-a-relationship.html,"Go on this many dates each week if your goal is a long-term relationship: 'It's a numbers game,' therapist says"
https://www.cnbc.com/2023/08/25/twinkies-maker-hostess-brands-explores-sale-amid-takeover-interest-reuters.html,Twinkies maker Hostess Brands explores sale amid takeover interest: Reuters
https://www.cnbc.com/2022/06/18/juneteenth-why-financial-literacy-needs-to-be-part-of-the-holiday.html,Juneteenth: Why financial literacy needs to be part of the holiday celebration
https://www.cnbc.com/2025/07/07/stocks-making-big-midday-moves-tesla-uber-stellantis-wns-and-more.html,"Stocks making big midday moves: Tesla, Uber, Royal Gold, Stellantis, WNS and more"
https://www.cnbc.com/2022/07/22/amazons-deals-dont-instill-the-same-fear-in-rivals-as-before.html,Amazon's deals don't instill the same fear in rivals as before
https://www.cnbc.com/2023/05/04/supreme-court-harlan-crow-clarence-thomas-nephew.html,"Supreme Court: Harlan Crow paid school tuition for Clarence Thomas' nephew, report says"
https://www.cnbc.com/2022/06/06/watch-now-etf-edge-are-bonds-bottoming-plus-passive-finally-overtakes-active-for-first-time.html,"Watch now: ETF Edge - Are bonds bottoming? Plus, ""passive"" finally overtakes ""active"" for first time"
https://www.cnbc.com/2024/11/25/jack-smith-files-to-drop-jan-6-charges-against-donald-trump.html,Judge agrees to dismiss Donald Trump's 2020 election interference case
https://www.cnbc.com/2023/12/14/cramer-calls-out-3-stocks-benefitting-from-the-broadening-of-the-market-rally.html,Cramer calls out 3 stocks benefitting from the broadening of the market rally
https://www.cnbc.com/2025/07/22/fewer-americans-have-side-hustles-for-first-time-since-2017-bankrate.html,Is the side hustle boom over? Fewer Americans have side gigs for the first time since 2017
https://www.cnbc.com/2023/03/16/fdx-surges-after-earnings-how-fast-money-traders-say-it-compares-to-ups.html,FedEx is surging after an earnings beat. Here's how the 'Fast Money' traders say it compares to UPS
https://www.cnbc.com/2026/03/23/chevron-ceo-oil-price-iran-war-strait-hormuz.html,"Chevron CEO says Iran war impact isn't fully priced into oil market, traders have ‘scant information’"
https://www.cnbc.com/2022/08/18/google-workers-petition-management-for-equal-abortion-benefits.html,Google workers demand equal abortion benefits as state bans go into effect
https://www.cnbc.com/2021/12/15/jpmorgan-takes-peloton-off-its-list-of-top-internet-stock-picks.html,"JPMorgan takes Peloton off its list of top internet stock picks, adds this streaming name"
https://www.cnbc.com/2025/04/08/fake-job-seekers-use-ai-to-interview-for-remote-jobs-tech-ceos-say.html,"Fake job seekers are flooding U.S. companies that are hiring for remote positions, tech CEOs say"
https://www.cnbc.com/2022/07/06/treasury-yields-mixed-amid-market-volatility-as-yield-curve-remains-inverted.html,Treasury yields jump as Fed hints at another big hike at next meeting
https://www.cnbc.com/2023/03/16/china-sees-record-7point7-million-applicants-for-200000-government-jobs.html,"China sees record 7.7 million applicants for 200,000 government jobs"
https://www.cnbc.com/2021/09/27/remote-workers-may-want-to-check-their-2021-tax-situation.html,Remote workers may want to check their 2021 tax situation. It could be more complicated than it was last year
https://www.cnbc.com/2024/09/13/here-are-5-tips-on-how-to-negotiate-for-more-equity-at-your-startup.html,This 32-year-old cashed out on over $2 million in startup equity—here are five tips on how to negotiate for more shares
https://www.cnbc.com/2023/11/13/jim-cramers-top-10-things-to-watch-in-the-stock-market-monday.html,Jim Cramer's top 10 things to watch in the stock market Monday
https://www.cnbc.com/2022/06/26/the-5-best-and-worst-states-for-women-owned-businesses-in-america.html,These are the 5 best—and worst—states for women-owned businesses in America
https://www.cnbc.com/2025/03/05/how-girls-who-code-founder-knew-it-was-time-to-quit-ceo-job.html,'I don't think anyone should ever stay anywhere for more than 8 years': How this founder knew it was time to quit her CEO job
https://www.cnbc.com/2021/12/30/biden-and-putin-set-to-speak-as-tensions-simmer-over-ukraine.html,'This is a crisis of the Kremlin's making': Biden and Putin speak as tensions mount over Ukraine
https://www.cnbc.com/2026/02/12/mercedes-earnings-autos-tariffs-luxury-china.html,Mercedes hit by $1.2 billion in tariff costs as full-year earnings more than halve
https://www.cnbc.com/2024/02/06/senate-republicans-threaten-to-block-border-security-bill-they-negotiated.html,Senate Republicans threaten to block border security bill they negotiated
https://www.cnbc.com/2023/02/13/spy-balloons-put-focus-on-aerospace-and-defense-stocks-and-their-etfs.html,Know what's in your ETFs: Balloon incidents put focus on aerospace and defense stocks
https://www.cnbc.com/2025/09/18/darden-restaurants-dri-q1-2026-earnings.html,Olive Garden owner Darden Restaurants disappoints on earnings but hikes sales outlook
https://www.cnbc.com/2023/11/29/george-santos-house-republicans-expect-to-expel-new-york-lawmaker-.html,House Republicans believe there are enough votes to expel Rep. George Santos this week
https://www.cnbc.com/2021/10/01/government-must-stop-direct-lending-gop-rep-luetkemeyer-says.html,Op-ed: It's time for the government to get out of the direct lending business
https://www.cnbc.com/2025/05/13/nvidia-blackwell-ai-chips-saudi-arabia.html,"Nvidia sending 18,000 of its top AI chips to Saudi Arabia"
https://www.cnbc.com/2022/05/25/biden-moves-to-protect-major-alaska-watershed-from-mining-.html,Biden moves to protect major Alaska watershed from mining
https://www.cnbc.com/2022/11/07/workato-cnbc-top-startups-for-the-enterprise.html,Workato: 2022 Top Startups for the Enterprise
https://www.cnbc.com/2022/05/02/guggenheims-scott-minerd-trumpets-fintech-homebuilders.html,"Guggenheim's Minerd says beaten-up fintech, homebuilders are rebound candidates"
https://www.cnbc.com/2026/03/14/trump-iran-war-fundraising-us-soldiers.html,Trump fundraising pitch features U.S. soldiers killed in Iran war
https://www.cnbc.com/2024/02/08/delta-to-open-new-tier-of-premium-airport-lounges-this-year.html,Delta to open a new tier of 'premium' airport lounges this year in high-end travel push
https://www.cnbc.com/2026/01/22/kelly-evans-the-malevolent-seven.html,"Kelly Evans: The ""Malevolent Seven"""
https://www.cnbc.com/2025/10/09/imf-and-bank-of-england-join-growing-chorus-warning-of-an-ai-bubble.html,'Buckle up': IMF and Bank of England join growing chorus warning of an AI bubble
https://www.cnbc.com/2024/07/13/what-relief-student-loan-borrowers-can-count-on-amid-legal-challenges.html,Here's some relief student loan borrowers can still count on — at least for now — amid legal challenges
https://www.cnbc.com/2021/11/08/5-strategies-to-make-your-resume-stand-out-to-recruiters.html,"The average recruiter initially spends 7.4 seconds scanning a resume, so use these strategies to stand out in your job search"
https://www.cnbc.com/2023/02/17/bank-of-america-double-upgrades-roku-sees-ad-spending-improving-through-2023.html,"Bank of America double upgrades Roku, sees ad spending improving through 2023"
https://www.cnbc.com/2022/02/28/mondays-top-street-calls-apple-tesla-best-buy-starbucks-exxon-.html,"Here are Monday's biggest analyst calls of the day: Apple, Tesla, Best Buy, Starbucks, Exxon & more"
https://www.cnbc.com/2026/06/16/qualcomm-ceo-ai-devices-agents.html,Qualcomm CEO says AI agents will replace apps — as chip giant works on 40 new AI-powered devices
https://www.cnbc.com/2023/01/04/is-the-bottom-in-for-the-bear-market-valuation-measures-suggest-not.html,Is the bottom in for the bear? Market valuation measures suggest not
https://www.cnbc.com/2025/11/08/no-tax-on-tips-service-fees-restaurant-bill-gratuities.html,Trump's 'No tax on tips' could be end of large-group service fees on restaurant bills
https://www.cnbc.com/2021/12/16/after-tech-sell-off-the-stock-markets-santa-claus-rally-could-face-a-more-difficult-liftoff.html,"After tech sell-off, the stock market's Santa Claus rally could face a more difficult liftoff"
https://www.cnbc.com/2022/08/12/precious-metals-gold-us-dollar-treasury-yields-interest-rates.html,Gold eyes fourth straight weekly gain on dollar weakness
https://www.cnbc.com/2022/02/28/bank-of-america-double-upgrades-two-homebuilder-stocks.html,Bank of America double-upgrades two homebuilder stocks
https://www.cnbc.com/2023/12/13/samsung-and-asml-to-build-an-advanced-chip-plant-in-south-korea.html,Samsung and ASML to invest $760 million to build an advanced chip plant in South Korea
https://www.cnbc.com/2025/12/08/gold-rises-on-fed-rate-cut-expectations-weaker-dollar.html,Gold inches lower as investors show caution ahead of FOMC meeting
https://www.cnbc.com/2024/06/11/sothebys-fanatics-team-up-to-offer-rare-sports-trading-card-auctions.html,"Sotheby’s, Fanatics team up to offer rare sports trading card auctions"
https://www.cnbc.com/2023/10/04/climate-crisis-2023-set-to-be-warmest-on-record-after-september-heat.html,Extraordinary September heat means 2023 is now on track to be the warmest year on record
https://www.cnbc.com/2024/07/18/biden-covid-symptoms-white-house-doctor.html,"Biden has 'mild' Covid symptoms, no fever, White House doctor says"
https://www.cnbc.com/2024/12/03/winter-weather-blast-to-bring-more-snow-to-northern-states-making-travel-hazardous.html,Winter weather blast to bring more snow to Northern states making travel hazardous
https://www.cnbc.com/2022/03/22/elon-musk-spacex-thousands-of-starlink-satellite-dishes-sent-to-ukraine.html,"Elon Musk's SpaceX sent thousands of Starlink satellite internet dishes to Ukraine, company's president says"
https://www.cnbc.com/2026/03/03/nvidia-amazon-offices-google-dubai-iran-war.html,"Nvidia, Amazon temporarily close Dubai offices, Google employees stranded amid U.S.-Iran war"
https://www.cnbc.com/2025/05/21/dollar-on-defensive-as-traders-eye-trump-tax-bill-g7-currency-talks.html,"Dollar on defensive as traders eye Trump tax bill, G7 currency talks"
https://www.cnbc.com/2024/04/27/nfl-draft-pick-braden-fiske-what-i-plan-to-do-with-my-money.html,What this NFL Draft pick plans to do with his new money—from mutual funds and a Roth IRA to Air Jordan 1 sneakers
https://www.cnbc.com/2023/08/06/top-wall-street-analysts-are-banking-on-stocks-like-meta.html,Top Wall Street analysts are banking on these stocks for solid returns
https://www.cnbc.com/2026/01/26/us-natural-gas-prices-snow-ice-winter-storm-fern.html,Natural gas prices hit $6 for first time since 2022 as massive winter storm sweeps U.S.
https://www.cnbc.com/tech-trends/,Tech Trends
https://www.cnbc.com/2025/03/13/were-buying-more-shares-of-our-newest-stock-that-has-a-catalyst-on-the-way.html,We're buying more shares of our newest stock that has a catalyst on the way
https://www.cnbc.com/2025/03/05/tom-lee-is-a-buyer-of-stocks-and-says-a-lot-of-bad-news-is-priced-in.html,Tom Lee is a buyer of stocks and says a lot of bad news is already priced in
https://www.cnbc.com/2026/04/15/cnbc-transcript-uk-chancellor-of-the-exchequer-rachel-reeves-spoke-with-cnbcs-sara-eisen-at-cnbcs-invest-in-america-forum-in-washington-dc-today-wednesday-april-15.html,"CNBC Transcript:  U.K. Chancellor of the Exchequer Rachel Reeves Spoke with CNBC’s Sara Eisen at CNBC’s “Invest in America Forum” in Washington, D.C. Today, Wednesday, April 15"
https://www.cnbc.com/2023/03/09/president-bidens-proposed-2024-budget-calls-for-top-39point6percent-tax-rate.html,President Biden’s proposed 2024 budget calls for top 39.6% tax rate
https://www.cnbc.com/2025/06/13/tensions-in-the-middle-east-boil-over.html,CNBC Daily Open: Tensions in the Middle East boil over
https://www.cnbc.com/2025/12/02/boeing-plane-deliveries-cfo.html,"Boeing stock jumps 10% as CFO says company expects higher 737, 787 deliveries next year"
https://www.cnbc.com/2023/06/09/drop-in-wall-streets-fear-gauge-is-least-appreciated-market-positive.html,"Drop in Wall Street’s fear gauge is the least-appreciated market positive, Fundstrat’s Tom Lee says"
https://www.cnbc.com/2023/05/16/-career-experts-best-networking-tips-for-new-graduates.html,"Career expert’s 4 best networking tips for new graduates: It’s ‘about quality, not quantity’"
https://www.cnbc.com/2025/01/31/billionaire-investor-chris-sacca-i-got-my-start-trading-futures-as-a-teen.html,"At age 13, he made $171 by trading futures—now he's an investor worth $1.2 billion: 'I can't tell you how seminal that experience was'"
https://www.cnbc.com/2026/07/08/ai-goldman-sachs-boom-capex-halo-stocks.html,"Halo stocks are benefiting from the AI boom, Goldman Sachs says. Here are the European firms they're backing"
https://www.cnbc.com/2022/08/23/what-to-negotiate-in-a-layoff-from-your-job.html,Half of employers are planning layoffs—here's how to negotiate your exit if it happens to you
https://www.cnbc.com/2024/01/12/first-on-cnbc-cnbc-transcript-blackrock-chairman-ceo-larry-fink-speaks-with-cnbcs-andrew-ross-sorkin-on-squawk-box-today.html,First on CNBC: CNBC Transcript: BlackRock Chairman & CEO Larry Fink Speaks with CNBC’s Andrew Ross Sorkin on “Squawk Box” Today
https://www.cnbc.com/2025/03/27/what-ails-indias-manufacturing-.html,CNBC's Inside India newsletter: What ails India's manufacturing?
https://www.cnbc.com/2023/03/31/top-analyst-calls-on-wall-street-friday.html,"Here are Friday's biggest analyst calls: Boeing, Tesla, Disney, Generac, Wells Fargo, Alphabet & more"
https://www.cnbc.com/2023/07/07/stocks-making-the-biggest-moves-midday-rivian-levi-strauss-biogen-first-solar-and-more.html,"Stocks making the biggest moves midday: Rivian, Levi Strauss, Biogen, First Solar and more"
https://www.cnbc.com/2026/05/19/home-depot-was-a-mistake-but-selling-it-now-would-compound-it-why-were-hanging-on.html,Home Depot was a mistake but selling it now would compound it. Why we're hanging on
https://www.cnbc.com/2023/10/30/jim-cramers-top-10-things-to-watch-in-the-stock-market-monday.html,Jim Cramer's top 10 things to watch in the stock market Monday
https://www.cnbc.com/2025/05/28/healthy-returns-rfk-jr-changes-covid-vaccine-recommendation.html,"Healthy Returns: RFK Jr.’s Covid vaccine recommendation change could threaten health, access"
https://www.cnbc.com/2025/12/02/stocks-making-the-biggest-moves-premarket-.html,"Stocks making the biggest moves premarket: MongoDB, Strategy, Signet Jewelers, Credo and more"
https://www.cnbc.com/2021/09/30/pfizer-covid-booster-recipients-want-a-normal-thanksgiving-after-getting-third-shots.html,'I want a normal Thanksgiving': Covid booster shot recipients say of third Pfizer dose
https://www.cnbc.com/2023/09/18/this-chipmaker-can-be-a-leader-that-sparks-gains-in-other-semiconductor-stocks-cramer-says.html,"This chipmaker 'can be a leader' that sparks gains in other semiconductor stocks, Cramer says"
https://www.cnbc.com/2024/05/13/dollar-steady-as-us-inflation-data-takes-spotlight.html,Dollar slips after unexpected rise in U.S. producer prices
https://www.cnbc.com/2026/03/18/bain-capital-bridge-data-centres-ai-buildout.html,"Bain Capital taps buyer interest for Bridge Data Centres, offering up to 70% stake, sources say"
https://www.cnbc.com/2023/03/03/morgan-stanley-says-aapl-can-rally-more-than-20percent-as-investors-overlook-key-catalysts.html,"Morgan Stanley sees Apple rallying more than 20%, says investors should look past near-term headwinds"
https://www.cnbc.com/2026/04/17/dollar-set-for-second-weekly-loss-on-iran-war-peace-hopes.html,"Dollar drops after Strait of Hormuz declared open, set for second weekly decline"
https://www.cnbc.com/2023/02/23/stocks-making-the-biggest-moves-midday-dominos-pizza-lucid-nvidia-nikola-and-more-.html,"Stocks making the biggest moves midday: Domino's Pizza, Lucid, Nvidia, Nikola and more"
https://www.cnbc.com/2025/11/13/family-offices-investing.html,From AI to ESG: Family offices expect heirs will take new path on investing
https://www.cnbc.com/2025/01/02/chinese-hack-of-us-treasury-breached-sanctions-office-washington-post-says.html,"Chinese hack of U.S. Treasury breached sanctions office, Washington Post says"
https://www.cnbc.com/2024/12/14/apple-among-most-overbought-stocks-on-wall-street-here-are-the-others.html,Apple is among the most overbought stocks on Wall Street. Here are the others
https://www.cnbc.com/2026/07/29/why-america-super-rich-love-football-clubs-british.html,Why America's super rich have embraced the appeal of British soccer teams
https://www.cnbc.com/2022/01/26/global-oil-benchmark-tops-90-for-the-first-time-since-2014.html,Global oil benchmark tops $90 for the first time since 2014
https://www.cnbc.com/2022/05/21/dont-let-fear-drive-your-decisions-even-in-a-bear-market-what-investors-should-do-next.html,"Don't let fear drive your decisions, even in a bear market. What investors should do next"
https://www.cnbc.com/2022/02/07/amazon-boosts-max-base-pay-for-corporate-workers-to-350000-.html,"Amazon boosts max base pay for corporate workers to $350,000 as labor market heats up"
https://www.cnbc.com/2022/04/15/damian-lillard-wants-to-stay-with-blazers-co-founds-insole-company.html,NBA star Damian Lillard dishes on the Blazers and his new footwear insole company
https://www.cnbc.com/2022/01/25/home-prices-surged-in-november-but-at-a-slower-rate-sp-case-shiller-says.html,"Home prices surged in November, but at a slower rate than in October, S&P Case-Shiller says"
https://www.cnbc.com/2026/05/13/air-india-cuts-international-flights-amid-middle-east-conflict.html,Air India cuts international flights amid Middle East conflict
https://www.cnbc.com/2026/02/11/faa-el-paso-airport.html,FAA abruptly halted El Paso flights over Defense Department's plans for anti-drone technology
https://www.cnbc.com/2023/08/04/how-interest-rates-impact-your-money-from-savings-to-mortgages.html,How interest rates impact your money — from savings to mortgages
https://www.cnbc.com/2023/11/09/goldman-is-sticking-by-this-beaten-up-ipo-sees-more-than-75percent-upside.html,"Goldman is sticking by this beaten-up IPO, sees more than 75% upside"
https://www.cnbc.com/2021/11/24/germany-considers-a-full-covid-lockdown-and-mandatory-vaccines.html,Germany considers a full Covid lockdown and mandatory vaccines
https://www.cnbc.com/2024/01/26/indias-tourism-sector-is-set-for-a-boom-powered-by-religious-trips-.html,Religious trips will fuel India’s tourism boom — airlines are gearing up with record aircraft orders
https://www.cnbc.com/2023/09/14/arm-soars-in-market-debut-why-the-pros-are-not-buying-it-right-now.html,Arm shares soar in market debut. Here's why the pros are not buying the stock right now
https://www.cnbc.com/2021/11/23/here-are-rbcs-best-ideas-for-long-term-investors.html,Here are RBC's best ideas for long-term investors
https://www.cnbc.com/2022/08/03/stocks-making-the-biggest-moves-midday-gilead-sciences-cvs-electronic-arts-and-more.html,"Stocks making the biggest moves midday: Gilead Sciences, CVS, Electronic Arts and more"
https://www.cnbc.com/2024/05/28/weapons-are-on-the-way-us-lawmakers-tell-taiwan-during-visit.html,"Weapons are on the way, U.S. lawmakers tell Taiwan during visit"
https://www.cnbc.com/2023/02/06/5-things-to-know-before-the-stock-market-opens-monday-february-6.html,5 things to know before the stock market opens Monday
https://www.cnbc.com/2023/05/19/italy-is-planning-a-sovereign-fund-amid-a-new-era-of-national-interest.html,Italy is planning a sovereign fund amid a new era of national interest
https://www.cnbc.com/2023/10/17/8-year-old-glove-wrap-ceo-gets-shark-tank-offer-from-billionaires.html,"8-year-old CEO got a $50,000 'Shark Tank' offer from two billionaires: 'I believe you're going to be a winner'"
https://www.cnbc.com/2023/04/05/lack-of-home-listings-is-taking-a-toll-on-mortgage-demand.html,Lack of home listings is taking a toll on mortgage demand
https://www.cnbc.com/2025/07/19/epa-eliminates-research-and-development-office-begins-layoffs.html,"EPA eliminates research and development office, begins layoffs"
https://www.cnbc.com/2024/09/16/nvidia-shares-climbed-nearly-16percent-last-week-read-the-latest-from-cnbc-pro-.html,Nvidia shares climbed nearly 16% last week — read the latest from CNBC Pro here
https://www.cnbc.com/2026/05/05/stop-making-new-grads-feel-worse-about-starting-their-careers-what-actually-helps-harvard-psychologist.html,Well-meaning advice to new grads often makes the job search more stressful—what actually helps: Harvard psychologist
https://www.cnbc.com/2024/10/31/china-transforms-kindergartens-into-senior-care-homes-as-demographic-crisis-deepens.html,'Silver economy' boom: China transforms kindergartens into senior care homes as demographic crisis deepens
https://www.cnbc.com/2025/07/24/trumps-aluminum-tariffs-unintentionally-sparking-green-recycling-boom.html,Trump's aluminum tariffs may be sparking a green recycling boom — unintentionally
https://www.cnbc.com/2024/04/25/tesla-driver-in-seattle-area-crash-that-killed-motorcyclist-told-police-he-was-using-autopilot.html,Tesla driver in Seattle-area crash that killed motorcyclist told police he was using Autopilot
https://www.cnbc.com/2022/08/05/jobs-report-july-2022-528000.html,"Payrolls increased 528,000 in July, much better than expected in a sign of strength for jobs market"
https://www.cnbc.com/2024/03/20/irelands-prime-minister-leo-varadkar-resigns.html,Ireland's Prime Minister Leo Varadkar unexpectedly resigns
https://www.cnbc.com/2021/12/29/electric-vehicles-are-becoming-more-affordable-amid-spiking-gas-prices.html,Here's whether it's actually cheaper to switch to an electric vehicle or not—and how the costs break down
https://www.cnbc.com/2025/04/25/amazon-sellers-hike-prices-of-goods-after-trumps-china-tariffs.html,Amazon sellers raise prices after Trump's China tariff: 'It's unsustainable'
https://www.cnbc.com/2026/04/16/dollar-hangs-near-six-week-lows-as-investors-bet-on-iran-peace-deal.html,Dollar climbs on technical rally; prospect for U.S.-Iran peace deal in focus
https://www.cnbc.com/2023/01/25/top-wall-street-analyst-calls-on-wednesday-include-tesla-robinhood.html,"Here are Wednesday's biggest analyst calls: Tesla, Amazon, Robinhood, Microsoft, Sunrun, Block & more"
https://www.cnbc.com/2023/06/13/morgan-stanley-5-ai-chip-stocks-that-could-take-nvidias-market-share.html,Morgan Stanley loves these 5 global A.I. chip stocks that could take Nvidia's market share
https://www.cnbc.com/2024/05/09/want-to-boost-your-productivity-hit-the-movies-during-work-expert-says.html,"Want to boost your productivity? Hit the movies during work, expert says"
https://www.cnbc.com/2022/06/30/ftx-closes-in-on-a-deal-to-buy-embattled-crypto-lender-blockfi-for-25-million-in-a-fire-sale.html,"FTX closes in on a deal to buy embattled crypto lender BlockFi for $25 million in a fire sale, source says"
https://www.cnbc.com/2024/01/05/10-year-treasury-yield-tops-4percent-ahead-of-nonfarm-payrolls.html,10-year swings back above 4% after December jobs report
https://www.cnbc.com/2024/01/25/gm-honda-begin-us-fuel-cell-production.html,"GM, Honda begin U.S. fuel cell production in step toward replacing diesel"
https://www.cnbc.com/2023/09/13/eu-launches-anti-subsidy-probe-in-chinese-evs.html,European Union launches anti-subsidy probe into Chinese EVs
https://www.cnbc.com/2025/09/11/nato-what-comes-next-as-trump-responds-to-russias-drone-incursion.html,‘Here we go’: Trump responds to Russia’s drone incursion on a NATO ally. But what comes next?
https://www.cnbc.com/2025/07/21/gold-invest-bars-bullions.html,"How wealthy investors bet on gold, from buying fractions of a bar to stashing bullions in Swiss military bunkers-turned-vaults"
https://www.cnbc.com/2025/04/21/cnbc-daily-open-if-trump-intervenes-in-fed-market-trouble-may-ensue.html,CNBC Daily Open: Trump’s desire to intervene in Fed could cause chaos
https://www.cnbc.com/2022/05/05/bank-of-america-has-favorite-group-of-stocks-to-ride-market-turmoil.html,Bank of America has a favorite group of stocks to ride out the market turmoil
https://www.cnbc.com/2026/01/19/trump-tariffs-autos-greenland-volkswagen-stellantis.html,Auto giant shares tumble on Trump’s tariff threat over Greenland
https://www.cnbc.com/2026/05/14/fed-governor-miran-submits-resignation-throws-support-behind-warsh-as-new-chair.html,"Fed Governor Miran submits resignation, throws support behind Warsh as new chair"
https://www.cnbc.com/2025/01/17/this-little-known-biotech-stock-is-a-buy-thats-primed-to-double-in-price-goldman-says.html,"This little-known biotech stock is a buy that’s primed to double in price, Goldman says"
https://www.cnbc.com/2021/11/10/cramers-lightning-round-rivian-will-go-even-higher.html,Cramer's lightning round: Rivian will go even higher
https://www.cnbc.com/2021/09/13/oil-markets-us-supply-hurricane-ida.html,Oil climbs to one-week high on U.S. supply concerns
https://www.cnbc.com/2022/09/19/traders-worry-there-are-more-earnings-warnings-like-fedexs-about-to-come-out.html,Traders worry there are more earnings warnings like FedEx's about to come out
https://www.cnbc.com/2023/01/25/russia-says-it-carried-out-hypersonic-missile-exercise-in-the-atlantic.html,Russia says it carried out hypersonic missile exercises using a frigate in the Atlantic
https://www.cnbc.com/2026/04/13/openai-london-office-sam-altman-uk-stargate.html,OpenAI announces first permanent London office after halting UK Stargate project
https://www.cnbc.com/2025/07/10/activist-investor-standard-investments-halves-stake-in-johnson-matthey.html,Activist investor Standard Investments halves stake in Johnson Matthey after major overhaul
https://www.cnbc.com/2022/03/25/gold-markets-russia-ukraine-war-oil-price-inflation.html,Gold dips as yields rise
https://www.cnbc.com/2024/07/23/magnificent-7-alternatives-buy-these-stocks-instead-wealth-manager-says.html,"Avoid the 'Magnificent 7' and buy these lesser-known stocks instead, wealth manager says"
https://www.cnbc.com/2021/12/07/more-small-businesses-see-higher-prices-and-fear-higher-taxes-cnbcmomentive-.html,More Small Businesses see higher prices and fear higher taxes: CNBC|Momentive
https://www.cnbc.com/2025/03/25/wednesdays-big-stock-stories-whats-likely-to-move-the-market.html,Wednesday’s big stock stories: What’s likely to move the market in the next trading session
https://www.cnbc.com/2024/01/24/siggis-offering-10000-dollars-if-you-can-stay-off-your-phone-for-a-month.html,"This company is offering $10,000 if you can stay off your phone for a month—here's how to apply"
https://www.cnbc.com/2025/08/08/apples-reversal-of-fortune-continues-and-a-historic-stock-offering-may-be-in-the-works.html,"Apple's reversal of fortune continues, and a historic stock offering may be in the works"
https://www.cnbc.com/2023/02/16/sec-charges-do-kwon-with-fraud-in-connection-with-terra-collapse.html,"SEC charges Do Kwon, Terraform with fraud in connection with Terra collapse"
https://www.cnbc.com/2023/05/03/increasing-competition-could-add-to-challenges-for-this-electronics-company-ubs-warns.html,"Increasing competition could add to challenges for this electronics company, UBS warns"
https://www.cnbc.com/2023/02/22/un-urged-to-help-sailors-ships-trapped-in-ukraine-since-war-started.html,"UN urged to help foreign seafarers, ships stranded in Ukraine since start of war"
https://www.cnbc.com/2025/12/11/gold-edges-lower-after-a-divided-fed-cuts-rates-silver-hits-record-high.html,Gold climbs to over one-month high after Fed rate cut; silver hits record high
https://www.cnbc.com/2026/06/17/abercrombie-fitch-begins-selling-sperry-hunter-and-puma.html,Abercrombie & Fitch begins selling third-party shoe brands in latest bid to chase growth
https://www.cnbc.com/2023/07/07/alzheimers-drug-leqembi-sales-may-be-slow-at-first-analysts.html,Sales of Alzheimer’s drug Leqembi may be slow initially but could pick up in 2024
https://www.cnbc.com/2023/01/14/psychiatrist-from-netflix-doc-stutz-how-to-build-self-discipline.html,"Building self-discipline by age 27 is crucial, says psychiatrist from the Netflix doc 'Stutz': 3 ways to do it"
https://www.cnbc.com/2023/03/26/cheapest-us-states-to-retire-in.html,The 10 cheapest U.S. states to retire in—Florida barely makes the list
https://www.cnbc.com/2022/05/06/job-growth-and-wages-were-strong-in-april-but-some-workers-just-disappeared.html,"Job growth and wages were strong in April, but some workers just disappeared"
https://www.cnbc.com/2025/02/06/how-the-us-has-used-tariffs-through-history-and-why-trump-is-different.html,"How the U.S. has used tariffs throughout history — and why Trump is different, economists say"
https://www.cnbc.com/2023/12/05/billionaire-charlie-munger-wanted-his-kids-to-hold-onto-3-parenting-lessons-until-their-100th-birthdays.html,Billionaire Charlie Munger wanted his kids to hold onto 3 parenting lessons 'until their 100th birthdays'
https://www.cnbc.com/2021/11/05/ula-heres-what-this-former-investor-looks-for-in-a-winning-idea.html,He founded a multimillion-dollar start-up. Here's what this former investor looks for in a winning business idea
https://www.cnbc.com/2021/11/06/elon-musk-is-using-a-twitter-poll-to-decide-the-future-of-his-tesla-stock.html,Elon Musk says he's using a Twitter poll to determine the future of 10% of his Tesla shares
https://www.cnbc.com/2025/03/27/student-loan-borrowers-can-apply-for-income-driven-repayment-again.html,Student loan borrowers can once again apply for income-driven repayment plans—these 3 options are available
https://www.cnbc.com/2022/01/18/oil-markets-middle-east-hostilities-supply-disruption.html,Global benchmark Brent climbs to more than 7-year high on Middle East tensions
https://www.cnbc.com/2025/08/20/uk-inflation-in-july-2025.html,UK inflation picks up to hotter-than-expected 3.8% in July
https://www.cnbc.com/2024/11/05/amazon-ceo-andy-jassy-5-day-office-mandate-isnt-a-backdoor-layoff.html,Amazon CEO Andy Jassy denies that 5-day office mandate is a 'backdoor layoff'
https://www.cnbc.com/2023/10/02/jeremy-siegel-says-the-federal-reserve-wont-raise-rates-in-november.html,Wharton's Jeremy Siegel says the U.S. economy is 'cooking'
https://www.cnbc.com/2023/07/25/history-shows-apple-trading-opportunity-ahead-of-next-weeks-earnings.html,History shows a nice trading setup for Apple going into earnings
https://www.cnbc.com/2025/08/06/super-micro-smci-stock-earnings.html,"Super Micro stock sinks 18% after earnings, outlook disappoint"
https://www.cnbc.com/2026/03/04/treasury-secretary-bessent-says-us-will-make-series-of-announcements-to-support-oil-trade-in-the-gulf.html,Treasury Secretary Bessent says U.S. will make 'series of announcements' to support oil trade in the Gulf
https://www.cnbc.com/2022/06/16/hold-off-on-buying-warner-bros-discovery-jpmorgan-says-in-downgrade.html,"Hold off on buying Warner Bros. Discovery, JPMorgan says in downgrade"
https://www.cnbc.com/2026/04/15/ex-cia-analyst-spotting-a-liar-is-not-always-easy-or-obviousheres-how-i-do-it.html,"Here's exactly how I spot a liar, says ex-CIA officer: It can be very 'revealing'"
https://www.cnbc.com/2022/02/17/bidens-cfpb-wants-to-hear-how-consumers-would-reform-bank-lending-rules.html,"Think banks, debt collectors need reform? The Biden administration wants to know"
https://www.cnbc.com/2024/01/03/heres-what-to-know-about-529-to-roth-ira-rollovers-for-2024.html,"New change to 529 college savings plans has ‘so many caveats,’ advisor says. Here's what to know"
https://www.cnbc.com/2022/08/13/6-questions-to-ask-before-moving-in-with-your-partner.html,'What are we anxious about?' and other big questions you should ask before moving in with your partner
https://www.cnbc.com/2024/03/21/this-etf-tracking-the-housing-market-is-undergoing-a-post-fed-breakout-according-to-the-charts.html,"This ETF tracking the housing market is undergoing a post-Fed breakout, according to the charts"
https://www.cnbc.com/2024/03/07/why-apples-recent-decline-may-be-just-the-beginning-according-to-the-charts.html,"Why Apple's recent decline may be just the beginning, according to the charts"
https://www.cnbc.com/2022/09/21/salesforce-aims-for-25percent-operating-margin-in-2026.html,Salesforce aims for 25% operating margin in 2026 with more efficient spending
https://www.cnbc.com/2023/11/22/oregon-teacher-how-my-worksheet-side-hustle-brings-in-passive-income.html,"41-year-old teacher’s ‘kitchen table’ side hustle brings in $10,400 a month: When I don’t work, ‘the sales still come in’"
https://www.cnbc.com/2023/10/09/jim-cramers-top-10-things-to-watch-in-the-stock-market-monday.html,Jim Cramer's top 10 things to watch in the stock market Monday
https://www.cnbc.com/2026/06/01/remote-work-youth-unemployment-new-york-fed.html,"Remote work is worsening youth unemployment, New York Fed finds"
https://www.cnbc.com/2023/06/05/sec-sues-binance-and-ceo-changpeng-zhao-for-us-securities-violations.html,SEC sues Binance and CEO Changpeng Zhao for U.S. securities violations
https://www.cnbc.com/2022/01/20/official-chinas-factories-face-downward-pressure-in-first-quarter.html,"China's factories face 'rather large' downward pressure in the first quarter, official says"
https://www.cnbc.com/2022/11/30/crude-prices-rising-energy-sector-down-buying-oil-stock-into-weakness.html,"With crude prices rising but the energy sector down, we're buying this oil stock into weakness"
https://www.cnbc.com/2021/10/13/jan-6-panel-subpoenas-former-doj-official-over-trump-bid-to-deny-biden-election-win.html,House lawmakers subpoena ex-DOJ official over alleged attempts to interrupt Trump-Biden power transfer
https://www.cnbc.com/2024/06/05/softbank-elliott-activist-masayoshi-son-buyback.html,"Elliott builds $2 billion position in SoftBank, pushes for buyback"
https://www.cnbc.com/2024/06/07/renewables-will-be-main-power-source-for-data-centers-nextracker-ceo.html,"Renewable energy will be the predominant power source for data centers, Nextracker CEO says"
https://www.cnbc.com/2025/01/22/stocks-making-the-biggest-moves-midday-nflx-jnj-orcl-f-and-more.html,"Stocks making the biggest midday moves: Netflix, Johnson & Johnson, Oracle, Ford and more"
https://www.cnbc.com/2021/09/23/deciphering-what-the-fed-did-this-week-what-it-will-do-next-and-what-that-means-for-markets.html,"Deciphering what the Fed did this week, what it will do next and what that means for markets"
https://www.cnbc.com/2021/10/07/should-your-covid-19-vaccination-status-be-on-your-resume.html,Should your vaccination status be on your resume? Here’s what experts say
https://www.cnbc.com/2023/04/12/american-airlines-signals-profit-hit-from-rising-labor-fuel-costs.html,"Airline stocks sink after American Airlines signals profit hit from rising labor, fuel costs"
https://www.cnbc.com/2025/07/28/us-treasury-yields-investors-look-ahead-to-feds-rate-decision-.html,Treasury yields rise as investors look ahead to Fed's interest rate decision
https://www.cnbc.com/2022/10/20/musk-tesla-expects-to-meet-inflation-reduction-act-requirements-for-tax-credits.html,Musk says Tesla expects to meet Inflation Reduction Act requirements for new tax credits on EVs
https://www.cnbc.com/2026/08/07/chesky-airbnb-ai-earnings.html,Chesky says Airbnb will spend ‘a lot more’ on AI as earnings beat and stock surges 15%
https://www.cnbc.com/2026/02/25/us-treasury-yields-investors-weigh-trumps-state-of-union-address.html,Treasury yields edge higher in the wake of Trump's State of Union address
https://www.cnbc.com/2024/10/18/us-deficit-tops-1point8-trillion-in-2024-as-interest-on-debt-surpasses-trillion-dollar-mark.html,U.S. deficit tops $1.8 trillion in 2024 as interest on debt surpasses trillion-dollar mark
https://www.cnbc.com/2025/08/07/best-stocks-a-rare-retailer-makes-the-list-as-its-treasure-hunting-mojo-outruns-tariff-threat.html,Best Stocks: A rare retailer makes the list as its 'treasure hunting' mojo outruns tariff threat
https://www.cnbc.com/2022/05/23/zoom-pops-19percent-on-first-quarter-results.html,Zoom pops 16% on first-quarter earnings beat and strong guidance
https://www.cnbc.com/2021/10/28/royal-dutch-shell-earnings-q3-2021.html,Oil giant Shell misses on third-quarter profit as Dan Loeb calls for the company to break up
https://www.cnbc.com/2023/08/28/goldman-says-these-rare-6-stocks-are-hedge-and-mutual-fund-favorites-.html,Goldman says these rare 6 stocks are favorites of both hedge fund and mutual fund managers
https://www.cnbc.com/2022/03/15/russia-and-ukraine-talks-a-guide-to-the-demands-and-the-red-lines.html,A guide to what Russia and Ukraine want from talks — and where the red lines are
https://www.cnbc.com/2023/09/21/some-student-loan-borrowers-have-extra-time-before-payments-restart.html,Some student loan borrowers have extra time before payments restart. Here's why
https://www.cnbc.com/2023/02/13/watch-now-etf-edge-on-gauging-recession-risks.html,Watch now: ETF Edge on gauging recession risks with actively-managed strategies
https://www.cnbc.com/2026/08/26/cnbc-daily-open-canada-trade-us-iran-strait-of-hormuz.html,CNBC Daily Open: The U.S. is flexing its economic power — drawing retaliation
https://www.cnbc.com/2026/07/04/pope-leo-urges-us-to-welcome-immigrants-in-july-4-appeal.html,Pope Leo urges U.S. to welcome immigrants in July 4 appeal
https://www.cnbc.com/2025/09/02/why-being-cautious-investors-in-september-may-be-justified.html,Why being cautious investors in September may be justified. Here's what the data shows
https://www.cnbc.com/2022/10/21/cramer-friday-a-new-wild-card-for-musk-and-twitter-more-earnings.html,"What Cramer is watching Friday — a new wild card for Musk and Twitter, more earnings"
https://www.cnbc.com/2024/05/08/shohei-ohtanis-former-translator-to-plead-guilty-to-transferring-17-million-from-mlb-stars-bank-account.html,Shohei Ohtani’s former translator to plead guilty to transferring $17 million from MLB star’s bank account
https://www.cnbc.com/2025/07/30/magnitude-8point6-earthquake-strikes-off-russias-kamchatka-sparks-tsunami-warnings-usgs-says.html,Tsunami waves reach California and Hawaii after massive earthquake in Russia
https://www.cnbc.com/2026/06/11/fridays-big-stock-stories-whats-likely-to-move-the-market.html,Friday's big stock stories: What’s likely to move the market in the next trading session
https://www.cnbc.com/2023/06/12/one-million-lose-medicaid-coverage-after-pandemic-protections-expire.html,One million people have lost Medicaid coverage since pandemic protections expired
https://www.cnbc.com/2021/11/03/new-jersey-governor-election-phil-murphy-beats-jack-ciattarelli.html,New Jersey Gov. Phil Murphy projected to win reelection after surprisingly tight race against Jack Ciattarelli
https://www.cnbc.com/2026/08/08/uae-ship-targeted-missile-us-iran-tensions-stay-high.html,Iran sets conditions for opening Strait of Hormuz after UAE says one of its ships was targeted by airstrike
https://www.cnbc.com/2021/11/04/ohio-became-the-largest-state-to-mandate-personal-finance-education-.html,Ohio just became the largest state to require personal finance education in schools
https://www.cnbc.com/2025/10/07/ex-tesla-board-member-steve-westly-reveals-how-hes-playing-the-ev-boom.html,Ex-Tesla board member reveals how he's playing the EV boom
https://www.cnbc.com/2023/12/12/stocks-making-the-biggest-moves-midday-orcl-lcid-cnc-has-and-more.html,"Stocks making the biggest moves midday: Oracle, Lucid, Centene, Hasbro and more"
https://www.cnbc.com/2024/11/22/fridays-biggest-wall-street-analyst-calls-nvidia.html,"Here are Friday's biggest analyst calls: Nvidia, Apple, Nike, Microsoft, Flutter, Amazon, Arm, Affirm, AbbVie and more"
https://www.cnbc.com/2024/07/03/private-payrolls-grew-by-just-150000-in-june-less-than-expected.html,"Private payrolls grew by just 150,000 in June, less than expected"
https://www.cnbc.com/2026/07/27/trump-says-us-has-sold-more-than-13-billion-of-venezuela-oil-.html,Trump says U.S. has sold more than $13 billion of Venezuela oil since Maduro's capture
https://www.cnbc.com/2026/07/27/cxmt-china-market-debut-chipmaker-ipo.html,Chipmaker CXMT’s 466% market debut surge makes it the most valuable China-listed company
https://www.cnbc.com/2022/02/14/ukrainian-airline-moves-some-jets-to-spain-after-insurance-bans-coverage-amid-russia-crisis.html,Russia crisis begins disrupting Ukraine air travel as insurers drop some aircraft coverage
https://www.cnbc.com/2025/06/24/goldman-says-size-of-teslas-move-monday-on-robotaxi-launch-doesnt-make-sense.html,"Goldman says size of Tesla's move Monday on robotaxi launch doesn’t make sense, stays neutral"
https://www.cnbc.com/2025/04/09/apple-bounces-3percent-after-worst-losing-streak-since-2000-tech-stocks.html,"Nasdaq rallies most since 2001, notches second-best day ever as Apple soars 15%"
https://www.cnbc.com/2022/05/13/not-all-casinos-are-inflation-proof-hard-rock-international-ceo-warns.html,"Not all casinos are inflation-proof, Hard Rock International CEO warns"
https://www.cnbc.com/2021/10/27/expect-more-defaults-from-chinese-property-developers-loomis-sayles.html,"More Chinese developers could default, but analyst says real estate troubles have not spilled over"
https://www.cnbc.com/2024/04/26/us-treasury-yields-ahead-of-key-inflation-data.html,10-year Treasury yield slips after latest U.S. inflation report
https://www.cnbc.com/2023/08/04/commerzbank-cfo-says-the-european-central-bank-has-hit-pause-.html,No rate hikes or cuts — Commerzbank CFO says the European Central Bank has likely hit pause
https://www.cnbc.com/2026/03/02/oil-jumps-as-iran-conflict-escalates-disrupts-shipping.html,"Oil jumps as Iran conflict escalates, disrupts shipping"
https://www.cnbc.com/2025/09/17/as-us-jobs-disappear-the-federal-reserve-returns-to-rate-cuts.html,"As U.S. jobs disappear, the Federal Reserve returns to rate cuts"
https://www.cnbc.com/2022/09/02/lazada-ceo-on-ecommerce-trends-pandemic-and-supply-chain-disruptions.html,"Partnership with traditional retailers is the way to go for online businesses, Lazada CEO says"
https://www.cnbc.com/2026/02/11/stocks-making-the-biggest-moves-premarket-lyft-mrna-net-f-zg.html,"Stocks making the biggest moves premarket: Lyft, Moderna, Cloudflare, Ford, Zillow Group and more"
https://www.cnbc.com/2024/02/28/7percent-interest-rates-hit-weekly-mortgage-demand-hard.html,7% interest rates hit weekly mortgage demand hard
https://www.cnbc.com/2021/11/10/big-business-bosses-are-warning-that-supply-chain-issues-and-inflation-are-here-to-stay.html,Big business bosses are warning that supply chain issues and inflation are here to stay
https://www.cnbc.com/2025/07/01/trumps-big-beautiful-bill-banks-say-its-good-for-us-economy.html,Banks say Trump’s ‘big beautiful bill’ could boost the U.S. economy – despite deficit concerns
https://www.cnbc.com/2024/09/11/jim-cramers-top-10-things-to-watch-in-the-stock-market-wednesday.html,Jim Cramer's top 10 things to watch in the stock market Wednesday
https://www.cnbc.com/2024/08/21/fed-minutes-july-2024.html,Fed minutes point to ‘likely’ rate cut coming in September
https://www.cnbc.com/2025/10/22/nhl-kalshi-polymarket-prediction-market-deals.html,NHL strikes first-ever deal with prediction markets Kalshi and Polymarket
https://www.cnbc.com/2026/03/16/us-treasury-10-year-bonds-safe-haven-gilts-g7-bunds-oats-price-sell-off-yield-iran-war.html,Government bonds are having their safe haven status tested as the Iran war drags on. Here’s why
https://www.cnbc.com/2024/08/28/why-the-mcdonalds-value-meal-is-making-a-comeback-.html,Why the value meal is making a comeback
https://www.cnbc.com/2026/09/09/chinas-ev-makers-shift-gears-to-focus-on-humanoids-as-car-market-slows.html,China's EV makers shift gears to focus on humanoids as car market slows
https://www.cnbc.com/2022/05/12/wolfe-downgrades-credit-card-stocks-to-underweight-as-research-firm-feels-a-recession-is-likely-.html,"Wolfe downgrades credit card stocks to underweight, as research firm feels a 'recession is likely'"
https://www.cnbc.com/2022/01/18/asia-markets-interest-rates-opec-report-dollar-moves.html,Asia-Pacific markets lose momentum as major indexes across the region decline
https://www.cnbc.com/2026/04/27/private-credit-funds-saba-capital-tender-offers-for-shares-are-below-initial-expectations.html,"Saba Capital finds little appetite for tender offer of shares in Blue Owl, Starwood private credit funds"
https://www.cnbc.com/2021/01/30/why-to-file-taxes-early.html,Tax season starts on February 12: Here's why you should file as early as you can
https://www.cnbc.com/2022/05/16/stock-market-futures-open-to-close-news.html,Dow rallies 400 points as market comeback from the year's lows gains steam
https://www.cnbc.com/advertorial/2022/09/06/building-an-oceanic-wind-power-superhighway.html,Building an oceanic wind power superhighway
https://www.cnbc.com/2023/05/16/cnbc-remains-1-business-and-financial-news-media-in-apac.html,CNBC remains #1 business and financial news media in Asia-Pacific
https://www.cnbc.com/2023/08/14/kraft-heinz-picks-new-ceo-carlos-abrams-rivera-to-replace-miguel-patricio.html,Kraft Heinz picks new CEO as sales slump in the face of higher prices
https://www.cnbc.com/2023/05/23/desantis-bundlers-presidential-campaign.html,Ron DeSantis lines up business leaders to raise money for 2024 presidential run
https://www.cnbc.com/2022/02/17/sexual-assault-reports-increase-at-us-military-academies.html,Sexual assault reports increase at U.S. military academies
https://www.cnbc.com/2024/09/25/openai-cto-mira-murati-announces-shes-leaving-the-company.html,"OpenAI considering restructuring to for-profit, CTO Mira Murati and two top research execs depart"
https://www.cnbc.com/2026/06/03/were-starting-a-position-in-a-chipmaker-that-is-benefiting-from-the-ai-boom-in-multiple-ways.html,We're starting a position in a chipmaker that is benefiting from the AI boom in multiple ways
https://www.cnbc.com/2023/05/01/macron-faces-labour-day-protests-as-pension-reform-anger-festers.html,Macron faces Labour Day protests as pension reform anger festers
https://www.cnbc.com/2025/11/05/auto-repair-chain-monro-soars-after-carl-icahn-takes-15percent-stake.html,Auto repair chain Monro soars after Carl Icahn takes 15% stake to become largest shareholder
https://www.cnbc.com/2023/01/09/stocks-making-biggest-moves-premarket-lululemon-duck-creek-and-more.html,"Stocks making the biggest moves premarket: Lululemon, Duck Creek, Mastercard, Uber and more"
https://www.cnbc.com/2026/05/12/amazon-launches-ultrafast-30-minute-delivery-in-dozens-of-us-cities.html,Amazon accelerates delivery race with 30-minute drop-offs in dozens of U.S. cities
https://www.cnbc.com/2022/03/21/oil-is-likely-to-remain-volatile-and-expensive-as-world-deals-with-supply-shortages.html,Oil is likely to remain volatile and expensive as world deals with supply shortages
https://www.cnbc.com/2023/09/19/tuesdays-top-stock-calls-by-wall-street-analysts.html,"Here are Tuesday's biggest analyst calls: Arm, Apple, Nvidia, Starbucks, CVS, Planet Fitness and more"
https://www.cnbc.com/2022/03/19/meet-erin-collins-national-taxpayer-advocate-for-the-irs.html,"Meet Erin Collins, National Taxpayer Advocate for the IRS"
https://www.cnbc.com/2023/04/06/jim-cramer-companies-can-change-their-stripes-with-good-management.html,"Strong management can help companies 'change their stripes,' Jim Cramer says"
https://www.cnbc.com/2022/12/07/oil-plunge-tech-collapse-and-fed-cuts-strategist-shares-possible-2023-market-surprises.html,"Oil plunge, tech collapse and Fed cuts? Strategist shares possible 2023 market 'surprises'"
https://www.cnbc.com/2022/03/30/us-bonds-treasury-yields-dip-but-investors-watch-bond-spreads.html,Treasury yields fall as investors keep watch over bond spreads
https://www.cnbc.com/2021/09/17/biden-administration-appeals-order-to-stop-expelling-migrants-under-trump-era-covid-policy.html,Biden administration appeals judge's order to stop expelling migrants under Trump-era pandemic policy
https://www.cnbc.com/2026/09/03/tyson-foods-cuts-annual-profit-forecast-again-as-beef-pressure-drains-margins.html,Tyson Foods cuts annual profit forecast again as beef pressure drains margins
https://www.cnbc.com/2026/07/31/apple-aapl-amazon-amzn-stock-today.html,"Alphabet, Amazon and Microsoft added nearly $1.5 trillion in combined value this week"
https://www.cnbc.com/2022/12/05/slack-ceo-stewart-butterfield-leaving-salesforce-two-years-after-deal.html,Slack CEO Stewart Butterfield is leaving Salesforce two years after deal was announced
https://www.cnbc.com/2025/04/08/why-wells-fargo-asset-cap-could-be-blessing-in-disguise-as-recession-fears-mount.html,Why Wells Fargo’s asset cap could be a blessing in disguise as recession fears roil markets
https://www.cnbc.com/2022/07/13/raymond-james-says-bath-body-works-is-oversold-and-will-jump-nearly-70percent-from-here.html,Raymond James says Bath & Body Works is oversold and will jump nearly 70% from here
https://www.cnbc.com/2025/08/14/cramer-amazons-deeper-push-into-grocery-creates-a-new-narrative-for-the-company.html,Cramer: Amazon's deeper push into grocery creates a 'new narrative' for the company
https://www.cnbc.com/2023/09/12/steve-forbes-says-the-feds-not-going-to-cut-rates-soon.html,Steve Forbes says the Fed's not going to cut rates soon
https://www.cnbc.com/2021/09/30/supply-chain-chaos-may-spark-1970s-type-inflation-stephen-roach.html,"Supply chain woes from Covid and energy may spark '70s-style inflation, economist Stephen Roach warns"
https://www.cnbc.com/2026/02/03/feds-stephen-miran-resigns-from-white-house-post.html,Fed's Stephen Miran resigns from White House post
https://www.cnbc.com/2025/09/04/nfl-valuations-2025-new-york-jets.html,6. New York Jets
https://www.cnbc.com/2023/07/27/personality-trait-more-managers-are-hiring-for-right-now.html,The personality trait more managers are hiring for right now: The 'star system' doesn't 'work for us anymore'
https://www.cnbc.com/2023/04/27/gdp-q1-2023-.html,U.S. GDP rose at a 1.1% pace in the first quarter as signs build that the economy is slowing
https://www.cnbc.com/2025/03/24/nhtsa-opens-probe-into-nearly-1point3-million-ford-f-150-trucks.html,NHTSA opens probe into nearly 1.3 million Ford F-150 trucks over unexpected gear shift
https://www.cnbc.com/2024/11/07/use-this-perfect-2-word-phrase-to-stop-overthinking.html,"Use this perfect 2-word phrase to 'stop overthinking everything,' says mental strength expert"
https://www.cnbc.com/2024/01/30/annuities-sales-hit-a-record-in-2023-heres-what-to-know-about-one-popular-option.html,Annuity sales hit a record in 2023. Here's what to know about one popular option
https://www.cnbc.com/2022/04/28/analysts-head-for-the-exits-on-teladoc-as-stock-plunges-46percent.html,Analysts head for the exits on Teladoc as stock plunges more than 40%
https://www.cnbc.com/2023/11/16/walmart-wmt-earnings-q3-2024-.html,Walmart shares slide as retailer gives a cautious outlook about consumer spending
https://www.cnbc.com/2026/06/25/inflation-fed-bond-etf-flows-surge-blackrock.html,"Bond ETF flows surge in hunt for yield: 'Market sniffing out something here,' says BlackRock exec"
https://www.cnbc.com/2022/11/03/stocks-making-the-biggest-moves-midday-under-armour-robinhood-peloton-lincoln-national-and-more.html,"Stocks making the biggest moves midday: Under Armour, Robinhood, Peloton, Lincoln National and more"
https://www.cnbc.com/2026/04/30/sp-500-heads-for-its-best-month-since-2020-plus-apple-earnings-on-deck.html,"S&P 500 heads for its best month since 2020 — plus, Apple earnings on deck"
https://www.cnbc.com/2021/07/17/use-your-points-and-miles-asap-says-credit-analyst-heres-how-to-get-the-most-out-of-them.html,"'Use your points and miles' ASAP, says credit analyst: Here's how to get the most out of them"
https://www.cnbc.com/2023/03/07/nvidia-grew-from-gaming-to-ai-giant-and-now-powering-chatgpt.html,Nvidia CEO Jensen Huang's big bet on A.I. is paying off as his core technology powers ChatGPT
https://www.cnbc.com/2024/12/03/bill-gates-holiday-reading-list-2024-books-to-keep-you-warm-in-winter.html,Bill Gates recommends a 'perfect read for the holidays'—and 4 other books 'to keep you warm' this winter
https://www.cnbc.com/2021/10/27/cramer-calls-microsoft-earnings-best-quarter-of-the-year.html,Cramer calls Microsoft earnings 'best quarter of the year'
https://www.cnbc.com/2026/04/23/intel-intc-q1-2026-earnings-report.html,"Intel's stock soars 20% as results top estimates, with chipmaker showing signs of growth"
https://www.cnbc.com/2026/01/16/micron-has-been-on-a-tear-how-to-take-profits-and-generate-income-on-the-chipmaker-using-options.html,Micron has been on a tear. How to take profits and generate income on the chipmaker using options
https://www.cnbc.com/2025/01/03/which-airlines-have-the-fewest-delays-here-are-the-results-for-2024.html,"'Unprecedented': The most punctual global airline last year was 'absolutely' a surprise, analytics firm CEO says"
https://www.cnbc.com/2022/11/13/england-beat-pakistan-to-win-t20-world-cup-at-mcg-as-ben-stokes-stars-yet-again-in-a-final.html,England beat Pakistan to win T20 World Cup at MCG as Ben Stokes stars yet again in a final
https://www.cnbc.com/2022/02/22/forex-markets-russia-ukraine-tensions-japanese-yen-euro.html,Dollar dips in choppy trade as investors weigh Ukraine scenarios
https://www.cnbc.com/2022/10/20/cramers-lightning-round-state-street-is-a-buy.html,Cramer's lightning round: State Street is a buy
https://www.cnbc.com/2022/01/21/omicron-two-years-since-covid-was-first-confirmed-in-us-the-pandemic-is-worse-than-anyone-imagined.html,"Two years since Covid was first confirmed in U.S., the pandemic is worse than anyone imagined"
https://www.cnbc.com/2025/10/01/meta-is-positioned-for-long-term-growth-using-options-to-capitalize-on-it.html,Meta is positioned for long-term growth. Using options to capitalize on it
https://www.cnbc.com/2024/09/26/insana-chinas-rally-wont-last-because-its-economic-problems-run-too-deep.html,Ron Insana: China's stock rally won't last because its economic problems run too deep
https://www.cnbc.com/2023/04/03/were-selling-shares-of-this-networking-firm-into-recent-strength-.html,We're selling shares of this networking firm into recent strength
https://www.cnbc.com/2024/05/29/jayson-tatum-says-this-advice-from-kobe-bryant-changed-his-life.html,NBA superstar Jayson Tatum says this advice from Kobe Bryant changed his life: 'How much are you willing to sacrifice?'
https://www.cnbc.com/2024/07/25/stellantis-h1-earnings-2024.html,"Jeep, Dodge maker Stellantis reports 48% drop in first-half net profit on weak U.S. sales"
https://www.cnbc.com/2024/04/21/10-most-sustainable-us-citiestheyre-almost-all-on-the-west-coast.html,Top 10 U.S. cities for eco-conscious living—they're almost all on the West Coast
https://www.cnbc.com/2023/01/18/apple-had-slower-headcount-growth-than-tech-peers-no-layoffs-yet.html,"Apple grew more slowly than Google, Amazon, Microsoft and Meta, and has so far dodged major layoffs"
https://www.cnbc.com/2025/02/02/all-3-on-board-black-hawk-that-collided-with-american-eagle-jet-identified.html,All 3 on board Black Hawk that collided with American Eagle jet identified
https://www.cnbc.com/2022/06/13/stocks-making-the-biggest-moves-midday-astra-space-amazon-revlon-prologis-more.html,"Stocks making the biggest moves midday: Astra Space, Amazon, Revlon, Prologis & more"
https://www.cnbc.com/2025/11/13/musk-xai-funding.html,Musk's xAI is raising $15 billion in latest funding round
https://www.cnbc.com/2023/02/16/el-dow-cierra-400-puntos-ms-bajo-debido-al-informe-de-inflacin-caliente.html,El Dow cierra 400 puntos más bajo debido al informe de inflación caliente
https://www.cnbc.com/2025/09/01/why-spains-stock-market-is-booming-and-what-might-come-next.html,Spain’s stock market is one of the best performers in Europe — and there could be more upside ahead
https://www.cnbc.com/2024/10/25/capital-gains-bracket-2025.html,Here's how to leverage higher income limits for the 0% capital gains bracket
https://www.cnbc.com/2025/12/02/mistral-unveils-new-ai-models-in-bid-to-compete-with-openai-google.html,French AI lab Mistral releases new AI models as it looks to keep pace with OpenAI and Google
https://www.cnbc.com/2022/06/07/us-stock-picks-citi-says-buy-these-oversold-companies.html,Citi names the 'attractive' oversold stocks to buy right now
https://www.cnbc.com/2022/04/21/spacex-first-starlink-inflight-wi-fi-deal-with-charter-airline-jsx.html,SpaceX signs first Starlink inflight Wi-Fi deal with charter carrier JSX
https://www.cnbc.com/2021/11/03/cdc-director-urges-kids-whove-had-a-prior-covid-infection-to-still-get-vaccinated.html,CDC director says kids with a prior Covid infection should 'absolutely' still get vaccinated
https://www.cnbc.com/2026/03/26/buy-this-steel-stock-thats-largely-insulated-from-iran-war-says-ubs.html,"Buy this steel stock that's 'largely insulated' from Iran war, says UBS"
https://www.cnbc.com/2024/02/17/barbara-corcoran-these-simple-words-made-me-a-much-nicer-person.html,A shopping trip taught Barbara Corcoran a valuable career lesson: '7 simple words made me a much nicer person'
https://www.cnbc.com/2023/10/05/gold-set-to-break-longest-losing-streak-in-7-years-as-bond-sell-off-cools.html,Gold extends decline for ninth day as fears of higher U.S. rates weigh
https://www.cnbc.com/2022/05/20/us-economy-is-nowhere-near-a-recession-this-year-says-economist.html,"The US economy is 'nowhere near a recession this year,' says an economist—but 2023 is a different story"
https://www.cnbc.com/2024/11/07/is-the-vibecession-here-to-stay-heres-what-experts-say.html,Is the 'vibecession' here to stay? Here's what experts say
https://www.cnbc.com/advertorial/2024/03/18/how-companies-can-navigate-supply-chain-complexity-.html,How companies can navigate supply chain complexity
https://www.cnbc.com/2024/09/05/jpmorgan-top-economist-says-the-fed-should-cut-rates-by-a-half-point-this-month.html,JPMorgan top economist says the Fed should cut rates by a half point this month
https://www.cnbc.com/2026/08/17/japan-gdp-misses-estimates-trade-exports-yen-nikkei.html,"Japan second-quarter GDP grows 1.1% on an annualized basis, missing expectations"
https://www.cnbc.com/2024/09/05/verizon-vz-to-acquire-frontier-communications.html,Verizon to buy Frontier Communications in $20 billion deal to boost fiber network in U.S.
https://www.cnbc.com/2026/03/03/crude-oil-prices-today-iran-war.html,Oil prices ease after Trump says U.S. will insure tankers transiting Strait of Hormuz
https://www.cnbc.com/2025/10/01/wealthcrossing-financial-advisor-100.html,59. WealthCrossing
https://www.cnbc.com/2022/10/03/airpods-pro-2-top-features-and-how-to-use-them.html,How to get the most out of Apple's new AirPods
https://www.cnbc.com/2025/12/19/jim-cramer-openai-should-raise-cash-to-get-data-center-stocks-on-track.html,"Data center stocks can get on track if OpenAI raises money, Jim Cramer says"
https://www.cnbc.com/2025/03/27/amd-gets-a-downgrade-from-jefferies-as-competition-for-semiconductors-heats-up.html,AMD gets a downgrade from Jefferies as competition for semiconductors heats up
https://www.cnbc.com/2022/08/31/anticipating-pain-ahead-sifting-through-the-short-term-drops.html,Anticipating pain ahead: Sifting through the short-term drops
https://www.cnbc.com/2022/05/20/cdc-urges-older-americans-to-get-covid-booster-shots-as-hospitalizations-soar-again.html,CDC urges older Americans to get Covid booster shots as hospitalizations soar again
https://www.cnbc.com/2025/08/14/uk-economy-grows-by-better-than-expected-0point3percent-in-second-quarter.html,UK economy grows by better-than-expected 0.3% in second quarter
https://www.cnbc.com/2021/11/16/china-tech-giant-alibaba-earnings-fiscal-q2-preview-what-to-expect.html,China’s slowdown could hurt Alibaba’s earnings. Here’s what analysts expect
https://www.cnbc.com/2024/12/18/uk-inflation-november-2024.html,"UK inflation rises to 2.6% in November, in line with expectations"
https://www.cnbc.com/2025/04/15/good-chance-of-uk-us-trade-deal-jd-vance-says-as-trump-really-loves-britain.html,"'Good chance' of UK-U.S. trade deal, JD Vance says, as Trump 'really loves' Britain"
https://www.cnbc.com/2024/06/05/king-charles-banknotes-enter-circulation-for-the-first-time.html,King Charles banknotes enter circulation for the first time
https://www.cnbc.com/2025/10/15/wells-fargo-pfizer-ceos-china-innovation.html,CEOs of Wells Fargo and Pfizer caution the U.S. could lose its edge to China without innovation
https://www.cnbc.com/2025/09/21/friends-shared-bank-accounts.html,"Looking to invest more in their friendships, some are opening shared bank accounts"
https://www.cnbc.com/2024/02/08/celebrity-divorce-attorney-the-nopoint1-reason-people-get-divorced.html,"This is the No. 1 reason people get divorced, says Kim Kardashian's high-powered divorce lawyer"
https://www.cnbc.com/2024/05/20/flying-is-cheaper-in-2024-but-not-for-some-destinations.html,Flying is cheaper in 2024. But not for some destinations
https://www.cnbc.com/2025/04/15/5-things-to-know-before-the-stock-market-opens-tuesday-april-15.html,5 things to know before the stock market opens Tuesday
https://www.cnbc.com/2024/07/19/op-ed-heres-how-taylor-swifts-lyrics-can-inspire-a-better-budget.html,Op-ed: Here’s how Taylor Swift’s lyrics can inspire a better budget
https://www.cnbc.com/2026/08/24/nvidia-says-groq-racks-will-be-online-this-year-after-20-billion-deal.html,Nvidia says Groq racks will be online this year following $20 billion purchase
https://www.cnbc.com/2021/11/09/shell-teams-up-with-norsk-hydro-to-work-on-green-hydrogen-projects.html,Shell teams up with Norsk Hydro to work on green hydrogen projects
https://www.cnbc.com/2023/01/30/cramers-top-10-things-monday-fang-obsession-over-earnings-fed-jobs.html,"Jim Cramer's top 10 things to watch in the market Monday: FANG-obsession over; crazy earnings, Fed, jobs week"
https://www.cnbc.com/2024/06/26/rivian-investment-a-catch-up-move-for-volkswagen-globaldata.html,"Rivian investment a ‘catch-up move’ for Volkswagen that could take years to pay off, advisory firm says"
https://www.cnbc.com/2022/03/26/goldmans-dividend-stock-picks-for-a-volatile-year.html,Goldman's dividend stock picks for a volatile year
https://www.cnbc.com/2023/02/02/starbucks-sbux-q1-2023-earnings.html,Starbucks misses expectations as China Covid surge hurts international sales
https://www.cnbc.com/2025/08/18/labubus-boost-chinas-soft-power-as-its-brands-find-global-appeal-.html,Pop Mart's Labubus boost China's soft power as Beijing brands find global appeal
https://www.cnbc.com/2022/08/22/mcdonalds-board-adds-three-new-directors-in-shakeup-.html,McDonald's board adds three new directors in shake-up
https://www.cnbc.com/2023/07/26/google-microsoft-form-new-ai-industry-group-to-set-safety-standards.html,"Google, Microsoft form new A.I. group to develop safety standards ahead of policymakers"
https://www.cnbc.com/2022/02/01/why-early-retirement-is-one-of-the-worst-money-mistakes-youll-regret-says-harvard-economist.html,A Harvard-trained economist says 'early retirement is one of the worst money mistakes'—here's why you'll 'regret' it
https://www.cnbc.com/2022/02/01/tesla-to-recall-fsd-beta-software-that-let-drivers-roll-past-stop-signs-.html,Tesla to recall FSD Beta software that lets drivers slowly roll past stop signs
https://www.cnbc.com/2025/10/15/honor-launches-ai-phone-tools-that-help-users-get-online-shopping-discounts.html,Apple rival Honor launches AI phone tools that help users get online shopping discounts and more
https://www.cnbc.com/2022/07/01/china-property-debt-crisis-what-it-means-for-asia-junk-bond-investors.html,Here's what China's real estate debt crisis could mean for Asia junk bond investors
https://www.cnbc.com/2024/06/13/yellen-ukraine-50-billion-loan-more.html,Yellen: More Ukraine aid can be backed by frozen Russian assets after initial $50 billion loan
https://www.cnbc.com/2022/08/29/record-heat-bears-down-on-chinas-hazmat-wearing-covid-health-workers.html,Record heat bears down on China's hazmat-wearing Covid health workers
https://www.cnbc.com/2023/07/12/ron-desantis-wouldnt-be-trumps-running-mate-im-not-a-no-2-guy.html,Ron DeSantis says he wouldn't be Trump's running mate: 'I'm not a No. 2 guy'
https://www.cnbc.com/2016/02/03/delta-announces-ceo-anderson-will-retire-in-may.html,Delta announces CEO Anderson will retire in May
https://www.cnbc.com/2023/09/18/buy-verx-which-could-have-20percent-upside-morgan-stanley-says.html,"Buy this 'underappreciated' tax software stock, which could see 20% upside, Morgan Stanley says"
https://www.cnbc.com/2025/10/03/friday-wall-street-analyst-calls-like-nvidia.html,"Here are Friday's biggest analyst calls: Nvidia, Apple, Broadcom, Tesla, Netflix, Ferrari, Johnson & Johnson, Coinbase and more"
https://www.cnbc.com/2026/07/23/cyclospora-outbreak-tests-rfk-jr-response-funding-cuts.html,"Cyclospora outbreak tests RFK Jr.'s promise to overhaul food system, rebuild trust in CDC"
https://www.cnbc.com/2021/12/14/pfizer-says-covid-19-pill-near-90percent-effective-in-final-analysis-.html,Pfizer says Covid-19 pill near 90% effective in final analysis
https://www.cnbc.com/2025/03/18/dollar-stuck-near-5-month-low-struggles-to-shake-off-growth-concerns.html,"Dollar stuck near 5-month low, struggles to shake off growth concerns"
https://www.cnbc.com/2022/07/29/intel-stock-slumps-11percent-after-poor-earnings-concern-wall-street.html,Intel stock slumps 8% after poor earnings show softening demand for PCs
https://www.cnbc.com/2023/09/07/cnbc-exclusive-cnbc-transcript-goldman-sachs-chairman-ceo-david-solomon-speaks-with-cnbcs-david-faber-on-closing-bell-overtime-today.html,CNBC Exclusive: CNBC Transcript: Goldman Sachs Chairman & CEO David Solomon Speaks with CNBC’s David Faber on “Closing Bell: Overtime” Today
https://www.cnbc.com/2024/02/01/amer-sports-ipo-wilson-tennis-racket-maker-to-trade-on-nyse.html,Wilson tennis racket maker Amer Sports rises 3% in tepid market debut
https://www.cnbc.com/2026/01/29/brent-crude-tops-70-per-barrel-on-iran-attack-concerns.html,Brent crude tops $70 per barrel on Iran attack concerns
https://www.cnbc.com/2022/07/10/yosemite-fire-grows-as-crews-protect-iconic-sequoias.html,Yosemite fire grows as crews protect iconic sequoias
https://www.cnbc.com/2026/01/16/cramers-lightning-round-sell-super-micro-computer.html,Cramer's Lightning Round: Sell Super Micro Computer
https://www.cnbc.com/2021/10/26/nearly-2-in-3-women-who-left-the-workforce-during-covid-plan-to-return.html,Nearly 2 in 3 women who left the workforce during Covid plan to return—and most want to enter this field
https://www.cnbc.com/2026/06/04/stocks-making-the-biggest-moves-premarket-.html,"Stocks making the biggest moves premarket: Broadcom, Micron, Petco, Coinbase and more"
https://www.cnbc.com/2022/12/02/goldman-sachs-warns-traders-of-shrinking-bonus-pool-as-wall-street-hunkers-down-.html,Goldman Sachs warns traders of shrinking bonus pool as Wall Street hunkers down
https://www.cnbc.com/2022/03/24/us-to-sanction-over-300-russian-elites-and-block-russian-central-bank-gold-.html,U.S. to sanction over 300 Russian elites and block Russian central bank gold
https://www.cnbc.com/2025/05/13/spirit-airlines-extra-legroom-seats.html,"Spirit Airlines introduces extra legroom seats, other perks, in push for premium"
https://www.cnbc.com/2026/06/10/cramer-still-likes-fedex-freight-despite-emergence-of-new-rival.html,Cramer still likes recently spun FedEx Freight despite the emergence of new rival
https://www.cnbc.com/2025/09/23/india-is-betting-18-billion-to-build-a-chip-powerhouse-heres-what-it-means.html,India is betting $18 billion to build a chip powerhouse. Here’s what it means
https://www.cnbc.com/2026/07/16/ex-fed-adviser-gets-jailtime-lying-about-china-ties-economic-espionage-.html,Ex-Fed advisor gets over three years in prison for lying about China ties
https://www.cnbc.com/2024/01/15/china-calls-for-gaza-peace-conference-hamas-to-disclose-fate-of-israeli-hostages.html,China calls for Gaza peace conference; Hamas to disclose fate of Israeli hostages
https://www.cnbc.com/2024/05/29/benefits-of-secondhand-clothing-goods-according-to-alicia-silverstone.html,As if! 'Clueless' star Alicia Silverstone avoids buying retail to limit environmental toll: 'It needs to be used first'
https://www.cnbc.com/2024/02/29/us-treasury-yields-ahead-of-fed-favored-inflation-measure.html,Treasury yields wobble after inflation data comes in as expected
https://www.cnbc.com/2021/11/15/democratic-donors-line-up-behind-new-york-lieutenant-governor.html,Influential donors rally around New York's lieutenant governor ahead of next year's high-stakes campaign
https://www.cnbc.com/2025/09/15/how-jpmorgan-traders-see-the-fed-decision-this-week-going-down-and-market-reaction.html,How JPMorgan traders see the Fed decision this week going down and market reaction
https://www.cnbc.com/2024/01/22/oil-extends-losses-as-economic-headwinds-weigh-on-demand-outlook.html,Oil extends losses as economic headwinds weigh on demand outlook
https://www.cnbc.com/2022/05/24/australias-election-was-all-about-climate-change-heres-what-it-means-for-businesses.html,Australia's election was all about climate change. Here's what it means for businesses
https://www.cnbc.com/2024/12/12/charts-signal-that-an-nvidia-breakdown-could-be-imminent.html,Charts signal that an Nvidia breakdown could be imminent
https://www.cnbc.com/2026/04/10/ireland-fuel-prices-protest-blockade-cork-galway.html,Ireland gridlocked by fuel protests as Iran war drives prices higher
https://www.cnbc.com/2023/04/21/irs-refunds-should-you-update-your-tax-withholding.html,Is it smarter to get a tax refund for 2023 or more money throughout the year? Tax experts weigh in
https://www.cnbc.com/2022/06/10/markets-expect-the-fed-will-now-be-more-willing-to-risk-recession-to-fight-hot-inflation.html,Markets expect the Fed will now be more willing to risk recession to fight hot inflation
https://www.cnbc.com/2025/05/27/two-stocks-will-gain-the-most-from-trump-nuclear-orders-goldman-says.html,"Trump's orders to boost nuclear power will benefit these two stocks the most, Goldman says"
https://www.cnbc.com/2023/08/25/young-people-say-this-is-the-no-1-factor-in-building-wealth.html,"Young people say this is the No. 1 factor in building wealth—but this is 'the real key,' according to a money expert"
https://www.cnbc.com/2024/07/30/etsy-sellers-capitalizing-on-charli-xcx-album-brat.html,"Etsy sellers capitalize on 'Brat summer': One just brought in over $2,400 in a month"
https://www.cnbc.com/2021/09/28/tesla-ceo-elon-musk-says-us-government-should-avoid-regulating-crypto.html,Tesla CEO Elon Musk says U.S. government should avoid regulating crypto
https://www.cnbc.com/2024/12/18/boeing-looks-primed-for-a-comeback-how-to-buy-at-a-discount-using-options.html,Boeing looks primed for a comeback. How to buy at a discount using options
https://www.cnbc.com/2025/12/08/deutsche-bank-ai-model-investing.html,Can AI make you the next Warren Buffett? One bank is working to find out
https://www.cnbc.com/2025/12/17/oracle-leads-market-lower-2-of-cramers-favorite-stocks-get-upgrades.html,"Oracle leads market lower, plus 2 of Cramer's favorite unloved stocks get upgrades"
https://www.cnbc.com/2024/03/08/state-of-the-union-biden-says-wealthy-should-pay-fair-share-to-social-security.html,"Biden vows to protect Social Security, Medicare and 'make the wealthy pay their fair share,' in State of the Union"
https://www.cnbc.com/2024/02/01/cramer-buy-this-turnaround-stock-that-can-pop-when-the-fed-cuts-rates.html,Jim Cramer tells investors to buy the earnings-driven declines in 2 portfolio stocks
https://www.cnbc.com/2025/01/15/morgan-stanley-upgrades-this-commercial-real-estate-stock-sees-nearly-30percent-upside-ahead.html,"Morgan Stanley upgrades this commercial real estate stock, sees nearly 30% upside ahead"
https://www.cnbc.com/2023/04/28/auto-workers-union-and-sanders-blast-gm-for-wages-at-us-battery-plant.html,Auto workers union and Sanders blast GM for wages at U.S. battery plant
https://www.cnbc.com/2024/09/06/jim-cramer-says-broadcom-is-a-buy-but-cautions-investors-to-stay-small.html,Jim Cramer says Broadcom stock is a buy but cautions investors to keep it small
https://www.cnbc.com/2024/09/05/nfl-valuations-2024-chicago-bears.html,10. Chicago Bears
https://www.cnbc.com/2023/02/16/bernstein-downgrades-tripadvisor-says-strategic-plan-is-more-defensive-than-offensive.html,"Bernstein downgrades Tripadvisor, says strategic plan is 'more defensive than offensive'"
https://www.cnbc.com/2024/03/01/nissan-fisker-in-advanced-talks-on-investment-partnership-sources-tell-reuters.html,"Nissan, Fisker in advanced talks on investment, partnership, sources tell Reuters"
https://www.cnbc.com/2024/01/25/china-youth-unemployment-will-stay-elevated-in-2024-but-eiu-warns-economic-impact-will-linger.html,"China youth unemployment will stay elevated in 2024, but EIU warns economic impact will linger"
https://www.cnbc.com/2024/02/02/ford-hybrid-vehicle-sales-surge-to-offset-ev-decline-in-january.html,Ford's hybrid vehicle sales surge to offset EV decline in January
https://www.cnbc.com/2022/10/14/uk-pm-liz-truss-fires-finance-minister-kwasi-kwarteng.html,UK PM Liz Truss announces another huge U-turn and names Jeremy Hunt as finance minister
https://www.cnbc.com/2024/05/14/linkedin-fastest-growing-cities-for-entry-level-jobs.html,Young workers are flocking to these fast-growing job markets—the top 3 are in Arizona and Florida
https://www.cnbc.com/2022/04/13/even-small-fluctuations-in-gas-prices-at-the-pump-can-cost-you.html,Even small changes in the price of gas can cost you. Here are ways to save money at the pump
https://www.cnbc.com/2026/05/18/eu-stagflation-shock-iran-war-oil-prices.html,"The EU will cut growth outlook, raise inflation forecast as Iran war drives 'stagflationary shock'"
https://www.cnbc.com/2026/01/22/musk-tesla-robotaxis-us-expansion.html,Musk says Tesla's robotaxis will be widespread in the U.S. by the end of this year
https://www.cnbc.com/2021/12/05/norwegian-cruise-ship-with-covid-19-infections-arrives-in-new-orleans.html,Norwegian Cruise ship with Covid-19 infections arrives in New Orleans
https://www.cnbc.com/2024/02/11/defense-secretary-lloyd-austin-hospitalized-bladder-issues.html,"Defense Secretary Lloyd Austin hospitalized for bladder issue, transfers duties to deputy"
https://www.cnbc.com/2024/08/11/harris-trump-biden-economy-poll-election.html,"Harris edges out Trump on who voters trust more with the economy, new poll finds"
https://www.cnbc.com/2025/11/20/trump-ai-executive-order-state-funding.html,White House crafting executive order to thwart state AI laws
https://www.cnbc.com/2025/06/20/the-fed-held-interest-rates-steady-but-credit-card-aprs-keep-going-up.html,"The Fed held interest rates steady, but some credit card APRs keep going up. Here's why"
https://www.cnbc.com/2021/12/16/singapore-tightens-curbs-to-cool-buoyant-property-market.html,Singapore tightens curbs to cool buoyant property market
https://www.cnbc.com/2023/11/22/us-treasury-yield-investors-weigh-interest-rate-path-ahead.html,10-year Treasury yield recovers after hitting 2-month low
https://www.cnbc.com/2025/01/27/stocks-making-the-biggest-moves-midday-nvda-orcl-ceg-t-and-more.html,"Stocks making the biggest moves midday: Nvidia, Oracle, Constellation Energy, AT&T and more"
https://www.cnbc.com/2022/12/02/morgan-stanleys-top-biotech-picks-for-2023-one-stock-promises-50percent-upside.html,Morgan Stanley's top biotech picks for 2023. One 'transformative' stock promises 50% upside
https://www.cnbc.com/2025/09/04/jetblue-in-flight-wifi-amazon-kuiper-satellite.html,JetBlue to boost in-flight Wi-Fi with Amazon Project Kuiper internet deal
https://www.cnbc.com/2022/08/16/trump-enemies-liz-cheney-lisa-murkowski-face-gop-primary-challengers.html,"Trump enemies Liz Cheney, Lisa Murkowski face GOP primary challengers as Sarah Palin stages comeback"
https://www.cnbc.com/2025/11/21/buy-this-digital-health-stock-thats-too-compelling-to-ignore-says-raymond-james.html,"Buy this digital health stock that's 'too compelling to ignore', says Raymond James"
https://www.cnbc.com/2025/02/12/hopes-for-more-fed-rate-cuts-dim-as-powell-notes-hot-cpi-means-were-not-quite-there-yet.html,Hopes for more Fed rate cuts dim as Powell notes hot CPI means 'we're not quite there yet'
https://www.cnbc.com/2022/06/29/powell-vows-to-prevent-inflation-from-taking-long-run-hold-in-the-us.html,Powell vows to prevent inflation from taking hold in the U.S. for the long run
https://www.cnbc.com/2021/09/14/amazon-ceo-andy-jassy-urges-congress-to-raise-debt-ceiling.html,Amazon CEO Andy Jassy says he's concerned about Congress not raising debt ceiling
https://www.cnbc.com/2025/07/09/trump-tariff-letters-trade.html,Trump sends more letters dictating high tariff rates around the world
https://www.cnbc.com/2026/08/06/top-tech-analyst-mahaney-sees-45percent-upside-for-this-food-delivery-platform.html,Top tech analyst Mahaney sees 45% upside for this food delivery platform
https://www.cnbc.com/2024/11/07/traders-see-good-chance-the-fed-cuts-again-in-december-then-skips-in-january.html,Traders see good chance the Fed cuts again in December then skips in January
https://www.cnbc.com/2021/10/18/russia-suspends-its-mission-to-nato-foreign-minister-says.html,"Russia suspends its mission to NATO, foreign minister says"
https://www.cnbc.com/2024/11/06/qualcomm-qcom-earnings-report-q3-2024.html,Qualcomm pops on chipmaker's earnings and revenue beat
https://www.cnbc.com/2023/03/18/trump-says-he-will-be-arrested-tuesday-calls-on-supporters-to-protest-.html,"Trump says he will be arrested Tuesday, calls on supporters to protest"
https://www.cnbc.com/2026/02/23/weather-flight-cancellations-blizzard-noreaster.html,Airlines cancel thousands of flights as blizzard cripples East Coast airports
https://www.cnbc.com/2023/03/20/tsla-shares-and-more-wall-streets-stocks-to-buy-for-the-electric-vehicle-boom.html,From Tesla to under-the-radar battery stocks: Wall Street has a playbook for the EV boom
https://www.cnbc.com/2022/03/06/national-average-for-a-gallon-of-gas-tops-4-the-highest-price-at-the-pump-since-2008.html,"National average for a gallon of gas tops $4, the highest price at the pump since 2008"
https://www.cnbc.com/2026/05/19/cuba-us-sanctions-military-fraudulent-case.html,"Cuba condemns U.S. sanctions, accuses Washington of building ‘fraudulent case’ for military action"
https://www.cnbc.com/2025/07/01/senate-republicans-big-beautiful-bill-child-tax-credit.html,Senate Republicans’ spending bill boosts child tax credit. Who stands to benefit
https://www.cnbc.com/2023/09/18/singapores-birth-rate-is-falling-and-throwing-money-at-the-problem-wont-solve-it-.html,Singapore’s birth rate is at a record low — but ‘throwing money’ at the problem won’t solve it
https://www.cnbc.com/2024/07/24/this-solar-stock-would-benefit-if-trump-wins-election-morgan-stanley.html,"Investors are missing how this solar stock would benefit if Trump wins the election, Morgan Stanley says"
https://www.cnbc.com/2026/04/30/alphabet-meta-stock-ai-capex-spend.html,Google wraps up best month since 2004 as earnings push Alphabet stock up 34% in April
https://www.cnbc.com/2022/11/28/iran-is-calling-for-the-us-to-be-thrown-out-of-the-world-cup-after-flag-change.html,Iran is calling for the U.S. to be thrown out of the World Cup after flag change
https://www.cnbc.com/2021/11/01/op-ed-gender-gap-in-pensions-is-real-and-needs-to-be-fixed.html,Op-ed: Gender gap in pensions is real and needs to be fixed
https://www.cnbc.com/2023/10/12/transunion-settles-with-ftc-cfpb-for-23-million-in-housing-case.html,"TransUnion settles with the FTC, CFPB for $23 million for impeding tenants' ability to obtain housing"
https://www.cnbc.com/2022/09/09/citi-picks-china-stocks-that-stand-out-against-a-spate-of-downgrades.html,Citi downgraded a slew of Chinese stocks — but others bucked the trend. These are its new top picks
https://www.cnbc.com/2022/06/08/cramers-lightning-round-nrg-energy-is-a-buy.html,Cramer's lightning round: NRG Energy is a buy
https://www.cnbc.com/2024/04/01/alex-murdaugh-sentenced-to-40-years-in-prison-for-federal-financial-crimes.html,Alex Murdaugh sentenced to 40 years in prison for federal financial crimes
https://www.cnbc.com/2022/10/26/mr-yen-says-the-japanese-currency-could-plunge-to-170-next-year.html,'Mr. Yen' says the currency could plunge further — and 170 per dollar is 'well on the scope'
https://www.cnbc.com/2023/08/25/downside-risk-in-crypto-limited-post-august-pullback-says-jpmorgan-.html,"Downside risk in crypto market is ‘limited’ after August correction, says JPMorgan"
https://www.cnbc.com/2021/12/08/omicron-symptoms-cases-and-vaccine-evasion-what-we-know-now.html,"Symptoms, vaccine evasion and a new 'offshoot': What we know now about the Covid omicron variant"
https://www.cnbc.com/2026/02/20/microsoft-gaming-chief-phil-spencer-retires-asha-sharma-replacing.html,"Microsoft Xbox chief Phil Spencer retires, replaced by AI executive Asha Sharma"
https://www.cnbc.com/2021/12/06/tesla-shares-slide-after-sec-reportedly-probes-solar-panel-defects.html,Tesla shares fall into bear market territory after SEC reportedly opens probe into solar panel defects
https://www.cnbc.com/2023/03/07/chinese-giants-make-high-end-smartphone-play-against-apple-samsung.html,Chinese smartphone giants are making a high-end play against Apple and Samsung
https://www.cnbc.com/2026/03/12/karp-palantir-anthropic-claude-pentagon-blacklist.html,"Palantir is still using Anthropic's Claude as Pentagon blacklist plays out, CEO Karp says"
https://www.cnbc.com/2023/10/13/student-loan-borrowers-hit-snags-as-payments-resume.html,"Student loan borrowers hit snags as payments resume: 'It's a challenging environment,' head of loan servicer group says"
https://www.cnbc.com/retirement-planning-your-money/,Retirement planning: Your Money
https://www.cnbc.com/2024/02/06/jim-cramer-says-the-stock-market-rally-has-stalled-because-of-two-important-reasons-.html,Jim Cramer says the stock market rally has stalled because of two important reasons
https://www.cnbc.com/2021/11/10/ken-griffin-thinks-the-stock-market-is-frothy-and-is-still-skeptical-about-crypto.html,Ken Griffin thinks the stock market is frothy and is still skeptical about crypto
https://www.cnbc.com/2022/01/13/delta-air-lines-dal-earnings-4q-21.html,Delta keeps 2022 profit forecast on travel rebound despite omicron
